Module: C:\SRC_FV\ETHERD~1\ETHERDFS.C
GROUP: 'DGROUP' CONST,CONST2,_DATA,_BSS

Segment: _TEXT BYTE USE16 00000000 bytes

Routine Size: 0 bytes,    Routine Base: _TEXT + 0000

No disassembly errors

Segment: CONST WORD USE16 00000000 bytes

Segment: CONST2 WORD USE16 00000000 bytes

Segment: _DATA WORD USE16 00000037 bytes
0000                          _PM_Base:
0000    00 00                                           ..
0002                          _BIOS_Segment:
0002    00 00                                           ..
0004                          _DFS_Buff_Offs:
0004    00 00                                           ..
0006                          _supportedfunctions:
0006    00 01 FF 03 FF 05 06 07 08 09 0A 0B 0C FF 0E 0F ................
0016    FF 11 FF 13 FF FF 16 17 FF FF FF 1B 1C FF FF FF ................
0026    FF 21 FF FF FF FF FF FF FF FF FF FF FF 2D 2E    .!...........-.
0035                          L$1:
0035    FF FF                                           ..

Segment: _BSS WORD USE16 00000056 bytes
0000                          _glob_sdaptr:
0004                          _pm_dfs_buffer:
0008                          _glob_intregs:
0026                          _glob_reqstkword:
0028                          _glob_oldstack_seg:
002A                          _glob_oldstack_off:
002C                          _glob_data:
004F                          _glob_reqdrv:
0050                          _glob_multiplexid:
0051                          L$2:
0053                          L$3:
0055                          L$4:

BSS Size: 86 bytes

Segment: _TEXT BYTE USE16 00000CE4 bytes
0000                          begtextend_:
0000    C3                        ret         
0001                          getsda_:
0001    53                        push        bx 
0002    51                        push        cx 
0003    56                        push        si 
0004    57                        push        di 
0005    55                        push        bp 
0006    89 E5                     mov         bp,sp 
0008    50                        push        ax 
0009    50                        push        ax 
000A    31 C0                     xor         ax,ax 
000C    89 46 FE                  mov         word ptr -0x2[bp],ax 
000F    89 46 FC                  mov         word ptr -0x4[bp],ax 
0012    B8 06 5D                  mov         ax,0x5d06 
0015    1E                        push        ds 
0016    56                        push        si 
0017    CD 21                     int         0x21 
0019    8C DB                     mov         bx,ds 
001B    8B CE                     mov         cx,si 
001D    5E                        pop         si 
001E    1F                        pop         ds 
001F    89 9E FE FF               mov         word ptr -0x2[bp],bx 
0023    89 8E FC FF               mov         word ptr -0x4[bp],cx 
0027    8B 46 FC                  mov         ax,word ptr -0x4[bp] 
002A    8B 56 FE                  mov         dx,word ptr -0x2[bp] 
002D                          L$5:
002D    89 EC                     mov         sp,bp 
002F    5D                        pop         bp 
0030    5F                        pop         di 
0031    5E                        pop         si 
0032    59                        pop         cx 
0033    5B                        pop         bx 
0034    C3                        ret         
0035                          getcds_:
0035    53                        push        bx 
0036    51                        push        cx 
0037    56                        push        si 
0038    57                        push        di 
0039    55                        push        bp 
003A    89 E5                     mov         bp,sp 
003C    50                        push        ax 
003D    83 3E 35 00 FF            cmp         word ptr DGROUP:L$1,0xffff 
0042    75 3C                     jne         L$6 
0044    C7 06 35 00 01 00         mov         word ptr DGROUP:L$1,0x0001 
004A    56                        push        si 
004B    B4 52                     mov         ah,0x52 
004D    CD 21                     int         0x21 
004F    BE 21 00                  mov         si,0x0021 
0052    26 8A 20                  mov         ah,byte ptr es:[bx+si] 
0055    88 26 55 00               mov         byte ptr DGROUP:L$4,ah 
0059    BE 16 00                  mov         si,0x0016 
005C    26 C4 18                  les         bx,dword ptr es:[bx+si] 
005F    8C 06 53 00               mov         word ptr DGROUP:L$3,es 
0063    89 1E 51 00               mov         word ptr DGROUP:L$2,bx 
0067    5E                        pop         si 
0068    8B 16 51 00               mov         dx,word ptr DGROUP:L$2 
006C    A1 53 00                  mov         ax,word ptr DGROUP:L$3 
006F    3D FF FF                  cmp         ax,0xffff 
0072    75 0C                     jne         L$6 
0074    83 FA FF                  cmp         dx,0xffff 
0077    75 07                     jne         L$6 
0079    31 C0                     xor         ax,ax 
007B    A3 35 00                  mov         word ptr DGROUP:L$1,ax 
007E    EB 07                     jmp         L$7 
0080                          L$6:
0080    83 3E 35 00 00            cmp         word ptr DGROUP:L$1,0x0000 
0085    75 06                     jne         L$9 
0087                          L$7:
0087    31 C0                     xor         ax,ax 
0089                          L$8:
0089    31 D2                     xor         dx,dx 
008B    EB A0                     jmp         L$5 
008D                          L$9:
008D    A0 55 00                  mov         al,byte ptr DGROUP:L$4 
0090    30 E4                     xor         ah,ah 
0092    3B 46 FE                  cmp         ax,word ptr -0x2[bp] 
0095    73 04                     jae         L$10 
0097    30 C0                     xor         al,al 
0099    EB EE                     jmp         L$8 
009B                          L$10:
009B    8B 46 FE                  mov         ax,word ptr -0x2[bp] 
009E    BA 51 00                  mov         dx,0x0051 
00A1    F7 E2                     mul         dx 
00A3    8B 1E 51 00               mov         bx,word ptr DGROUP:L$2 
00A7    8B 16 53 00               mov         dx,word ptr DGROUP:L$3 
00AB    01 D8                     add         ax,bx 
00AD    E9 7D FF                  jmp         L$5 
00B0                          outmsg_:
00B0    53                        push        bx 
00B1    51                        push        cx 
00B2    52                        push        dx 
00B3    56                        push        si 
00B4    57                        push        di 
00B5    55                        push        bp 
00B6    89 E5                     mov         bp,sp 
00B8    50                        push        ax 
00B9    B4 09                     mov         ah,0x09 
00BB    8B 96 FE FF               mov         dx,word ptr -0x2[bp] 
00BF    CD 21                     int         0x21 
00C1                          L$11:
00C1    89 EC                     mov         sp,bp 
00C3    5D                        pop         bp 
00C4    5F                        pop         di 
00C5                          L$12:
00C5    5E                        pop         si 
00C6    5A                        pop         dx 
00C7    59                        pop         cx 
00C8                          L$13:
00C8    5B                        pop         bx 
00C9    C3                        ret         
00CA                          zerobytes_:
00CA    53                        push        bx 
00CB    89 C3                     mov         bx,ax 
00CD                          L$14:
00CD    4A                        dec         dx 
00CE    83 FA FF                  cmp         dx,0xffff 
00D1    74 F5                     je          L$13 
00D3    C6 07 00                  mov         byte ptr [bx],0x00 
00D6    43                        inc         bx 
00D7    EB F4                     jmp         L$14 
00D9                          parseargv_:
00D9    53                        push        bx 
00DA    51                        push        cx 
00DB    52                        push        dx 
00DC    56                        push        si 
00DD    55                        push        bp 
00DE    89 E5                     mov         bp,sp 
00E0    50                        push        ax 
00E1    89 C3                     mov         bx,ax 
00E3    31 C9                     xor         cx,cx 
00E5    B8 01 00                  mov         ax,0x0001 
00E8                          L$15:
00E8    3B 07                     cmp         ax,word ptr [bx] 
00EA    7D 37                     jge         L$16 
00EC    89 C2                     mov         dx,ax 
00EE    D1 E2                     shl         dx,0x01 
00F0    8B 77 02                  mov         si,word ptr 0x2[bx] 
00F3    01 D6                     add         si,dx 
00F5    8B 34                     mov         si,word ptr [si] 
00F7    80 3C 41                  cmp         byte ptr [si],0x41 
00FA    72 64                     jb          L$19 
00FC    80 7C 01 2D               cmp         byte ptr 0x1[si],0x2d 
0100    75 5E                     jne         L$19 
0102    80 7C 02 41               cmp         byte ptr 0x2[si],0x41 
0106    72 58                     jb          L$19 
0108    80 7C 03 00               cmp         byte ptr 0x3[si],0x00 
010C    75 52                     jne         L$19 
010E    80 3C 61                  cmp         byte ptr [si],0x61 
0111    72 13                     jb          L$17 
0113    80 3C 7A                  cmp         byte ptr [si],0x7a 
0116    77 0E                     ja          L$17 
0118    8A 0C                     mov         cl,byte ptr [si] 
011A    30 ED                     xor         ch,ch 
011C    89 CA                     mov         dx,cx 
011E    83 EA 61                  sub         dx,0x0061 
0121    EB 17                     jmp         L$18 
0123                          L$16:
0123    E9 E7 00                  jmp         L$35 
0126                          L$17:
0126    89 C6                     mov         si,ax 
0128    D1 E6                     shl         si,0x01 
012A    8B 57 02                  mov         dx,word ptr 0x2[bx] 
012D    01 D6                     add         si,dx 
012F    8B 34                     mov         si,word ptr [si] 
0131    8A 0C                     mov         cl,byte ptr [si] 
0133    30 ED                     xor         ch,ch 
0135    89 CA                     mov         dx,cx 
0137    83 EA 41                  sub         dx,0x0041 
013A                          L$18:
013A    88 56 FE                  mov         byte ptr -0x2[bp],dl 
013D    89 C6                     mov         si,ax 
013F    D1 E6                     shl         si,0x01 
0141    8B 57 02                  mov         dx,word ptr 0x2[bx] 
0144    01 D6                     add         si,dx 
0146    8B 34                     mov         si,word ptr [si] 
0148    80 7C 02 61               cmp         byte ptr 0x2[si],0x61 
014C    72 14                     jb          L$20 
014E    80 7C 02 7A               cmp         byte ptr 0x2[si],0x7a 
0152    77 0E                     ja          L$20 
0154    8A 4C 02                  mov         cl,byte ptr 0x2[si] 
0157    30 ED                     xor         ch,ch 
0159    89 CA                     mov         dx,cx 
015B    83 EA 61                  sub         dx,0x0061 
015E    EB 17                     jmp         L$21 
0160                          L$19:
0160    EB 40                     jmp         L$24 
0162                          L$20:
0162    89 C6                     mov         si,ax 
0164    D1 E6                     shl         si,0x01 
0166    8B 57 02                  mov         dx,word ptr 0x2[bx] 
0169    01 D6                     add         si,dx 
016B    8B 34                     mov         si,word ptr [si] 
016D    8A 4C 02                  mov         cl,byte ptr 0x2[si] 
0170    30 ED                     xor         ch,ch 
0172    89 CA                     mov         dx,cx 
0174    83 EA 41                  sub         dx,0x0041 
0177                          L$21:
0177    80 FA 19                  cmp         dl,0x19 
017A    77 06                     ja          L$22 
017C    80 7E FE 19               cmp         byte ptr -0x2[bp],0x19 
0180    76 06                     jbe         L$23 
0182                          L$22:
0182    BE FE FF                  mov         si,0xfffe 
0185    E9 A3 00                  jmp         L$38 
0188                          L$23:
0188    88 D1                     mov         cl,dl 
018A    30 ED                     xor         ch,ch 
018C    89 CE                     mov         si,cx 
018E    80 BC 09 00 FF            cmp         byte ptr _glob_data+0x9[si],0xff 
0193    75 ED                     jne         L$22 
0195    8A 56 FE                  mov         dl,byte ptr -0x2[bp] 
0198    88 94 09 00               mov         byte ptr _glob_data+0x9[si],dl 
019C    B9 01 00                  mov         cx,0x0001 
019F    E9 67 00                  jmp         L$34 
01A2                          L$24:
01A2    89 C6                     mov         si,ax 
01A4    D1 E6                     shl         si,0x01 
01A6    8B 57 02                  mov         dx,word ptr 0x2[bx] 
01A9    01 D6                     add         si,dx 
01AB    8B 34                     mov         si,word ptr [si] 
01AD    80 3C 2F                  cmp         byte ptr [si],0x2f 
01B0    75 57                     jne         L$34 
01B2    80 7C 01 00               cmp         byte ptr 0x1[si],0x00 
01B6    75 06                     jne         L$26 
01B8                          L$25:
01B8    BE FD FF                  mov         si,0xfffd 
01BB    E9 6D 00                  jmp         L$38 
01BE                          L$26:
01BE    8A 54 01                  mov         dl,byte ptr 0x1[si] 
01C1    80 7C 02 00               cmp         byte ptr 0x2[si],0x00 
01C5    75 04                     jne         L$27 
01C7    31 F6                     xor         si,si 
01C9    EB 09                     jmp         L$28 
01CB                          L$27:
01CB    80 7C 02 3D               cmp         byte ptr 0x2[si],0x3d 
01CF    75 E7                     jne         L$25 
01D1    83 C6 03                  add         si,0x0003 
01D4                          L$28:
01D4    80 FA 41                  cmp         dl,0x41 
01D7    72 08                     jb          L$29 
01D9    80 FA 5A                  cmp         dl,0x5a 
01DC    77 03                     ja          L$29 
01DE    80 C2 20                  add         dl,0x20 
01E1                          L$29:
01E1    80 FA 75                  cmp         dl,0x75 
01E4    74 14                     je          L$32 
01E6    80 FA 71                  cmp         dl,0x71 
01E9    75 19                     jne         L$33 
01EB    85 F6                     test        si,si 
01ED    74 05                     je          L$31 
01EF                          L$30:
01EF    BE FC FF                  mov         si,0xfffc 
01F2    EB 37                     jmp         L$38 
01F4                          L$31:
01F4    80 4F 06 01               or          byte ptr 0x6[bx],0x01 
01F8    EB 0F                     jmp         L$34 
01FA                          L$32:
01FA    85 F6                     test        si,si 
01FC    75 F1                     jne         L$30 
01FE    80 4F 06 04               or          byte ptr 0x6[bx],0x04 
0202    EB 05                     jmp         L$34 
0204                          L$33:
0204    BE FB FF                  mov         si,0xfffb 
0207    EB 22                     jmp         L$38 
0209                          L$34:
0209    40                        inc         ax 
020A    E9 DB FE                  jmp         L$15 
020D                          L$35:
020D    80 4F 06 08               or          byte ptr 0x6[bx],0x08 
0211    F6 47 06 04               test        byte ptr 0x6[bx],0x04 
0215    74 09                     je          L$36 
0217    85 C9                     test        cx,cx 
0219    74 0E                     je          L$37 
021B    BE FF FF                  mov         si,0xffff 
021E    EB 0B                     jmp         L$38 
0220                          L$36:
0220    85 C9                     test        cx,cx 
0222    75 05                     jne         L$37 
0224    BE FA FF                  mov         si,0xfffa 
0227    EB 02                     jmp         L$38 
0229                          L$37:
0229    31 F6                     xor         si,si 
022B                          L$38:
022B    89 F0                     mov         ax,si 
022D    89 EC                     mov         sp,bp 
022F    5D                        pop         bp 
0230    E9 92 FE                  jmp         L$12 
0233                          allocseg_:
0233    53                        push        bx 
0234    51                        push        cx 
0235    52                        push        dx 
0236    56                        push        si 
0237    57                        push        di 
0238    55                        push        bp 
0239    89 E5                     mov         bp,sp 
023B    50                        push        ax 
023C    50                        push        ax 
023D    C7 46 FE 00 00            mov         word ptr -0x2[bp],0x0000 
0242    83 46 FC 0F               add         word ptr -0x4[bp],0x000f 
0246    B1 04                     mov         cl,0x04 
0248    D3 6E FC                  shr         word ptr -0x4[bp],cl 
024B    51                        push        cx 
024C    B4 58                     mov         ah,0x58 
024E    32 C0                     xor         al,al 
0250    CD 21                     int         0x21 
0252    8B C8                     mov         cx,ax 
0254    B4 58                     mov         ah,0x58 
0256    B0 01                     mov         al,0x01 
0258    B3 02                     mov         bl,0x02 
025A    CD 21                     int         0x21 
025C    B4 48                     mov         ah,0x48 
025E    8B 9E FC FF               mov         bx,word ptr -0x4[bp] 
0262    C7 86 FE FF 00 00         mov         word ptr -0x2[bp],0x0000 
0268    CD 21                     int         0x21 
026A    72 04                     jb          L$39 
026C    89 86 FE FF               mov         word ptr -0x2[bp],ax 
0270                          L$39:
0270    B4 58                     mov         ah,0x58 
0272    B0 01                     mov         al,0x01 
0274    8B D9                     mov         bx,cx 
0276    CD 21                     int         0x21 
0278    59                        pop         cx 
0279    8B 46 FE                  mov         ax,word ptr -0x2[bp] 
027C    E9 42 FE                  jmp         L$11 
027F                          freeseg_:
027F    53                        push        bx 
0280    51                        push        cx 
0281    52                        push        dx 
0282    56                        push        si 
0283    57                        push        di 
0284    55                        push        bp 
0285    89 E5                     mov         bp,sp 
0287    50                        push        ax 
0288    B4 49                     mov         ah,0x49 
028A    8E 86 FE FF               mov         es,word ptr -0x2[bp] 
028E    CD 21                     int         0x21 
0290    E9 2E FE                  jmp         L$11 
0293                          updatetsrds_:
0293    53                        push        bx 
0294    51                        push        cx 
0295    52                        push        dx 
0296    56                        push        si 
0297    57                        push        di 
0298    55                        push        bp 
0299    89 E5                     mov         bp,sp 
029B    50                        push        ax 
029C    C7 46 FE 00 00            mov         word ptr -0x2[bp],0x0000 
02A1    1E                        push        ds 
02A2    8F 86 FE FF               pop         word ptr -0x2[bp] 
02A6    B8 00 00                  mov         ax,seg inthandler_ 
02A9    8E C0                     mov         es,ax 
02AB    26 80 3E 18 00 4D         cmp         byte ptr es:inthandler_+0x18,0x4d 
02B1    75 18                     jne         L$40 
02B3    26 80 3E 19 00 56         cmp         byte ptr es:inthandler_+0x19,0x56 
02B9    75 10                     jne         L$40 
02BB    26 80 3E 1A 00 65         cmp         byte ptr es:inthandler_+0x1a,0x65 
02C1    75 08                     jne         L$40 
02C3    26 80 3E 1B 00 74         cmp         byte ptr es:inthandler_+0x1b,0x74 
02C9    74 06                     je          L$41 
02CB                          L$40:
02CB    B8 FF FF                  mov         ax,0xffff 
02CE    E9 F0 FD                  jmp         L$11 
02D1                          L$41:
02D1    8B 46 FE                  mov         ax,word ptr -0x2[bp] 
02D4    26 A3 1E 00               mov         word ptr es:inthandler_+0x1e,ax 
02D8    31 C0                     xor         ax,ax 
02DA    E9 E4 FD                  jmp         L$11 
02DD                          findfreemultiplex_:
02DD    53                        push        bx 
02DE    51                        push        cx 
02DF    52                        push        dx 
02E0    56                        push        si 
02E1    57                        push        di 
02E2    55                        push        bp 
02E3    89 E5                     mov         bp,sp 
02E5    83 EC 06                  sub         sp,0x0006 
02E8    50                        push        ax 
02E9    30 C0                     xor         al,al 
02EB    88 46 FC                  mov         byte ptr -0x4[bp],al 
02EE    88 46 FA                  mov         byte ptr -0x6[bp],al 
02F1    88 46 FE                  mov         byte ptr -0x2[bp],al 
02F4    C6 86 FC FF C0            mov         byte ptr -0x4[bp],0xc0 
02F9                          L$42:
02F9    32 C0                     xor         al,al 
02FB    8A A6 FC FF               mov         ah,byte ptr -0x4[bp] 
02FF    CD 2F                     int         0x2f 
0301    84 C0                     test        al,al 
0303    75 07                     jne         L$43 
0305    88 A6 FA FF               mov         byte ptr -0x6[bp],ah 
0309    E9 20 00                  jmp         L$44 
030C                          L$43:
030C    3C FF                     cmp         al,0xff 
030E    75 1C                     jne         L$44 
0310    81 FB 86 4D               cmp         bx,0x4d86 
0314    75 16                     jne         L$44 
0316    81 F9 E1 07               cmp         cx,0x07e1 
031A    75 10                     jne         L$44 
031C    8A A6 FC FF               mov         ah,byte ptr -0x4[bp] 
0320    88 A6 FA FF               mov         byte ptr -0x6[bp],ah 
0324    C6 86 FE FF 01            mov         byte ptr -0x2[bp],0x01 
0329    E9 06 00                  jmp         L$45 
032C                          L$44:
032C    FE 86 FC FF               inc         byte ptr -0x4[bp] 
0330    75 C7                     jne         L$42 
0332                          L$45:
0332    8A 46 FE                  mov         al,byte ptr -0x2[bp] 
0335    8B 5E F8                  mov         bx,word ptr -0x8[bp] 
0338    88 07                     mov         byte ptr [bx],al 
033A    8A 46 FA                  mov         al,byte ptr -0x6[bp] 
033D    E9 81 FD                  jmp         L$11 

Routine Size: 832 bytes,    Routine Base: _TEXT + 0000

0340                          main_:
0340    53                        push        bx 
0341    51                        push        cx 
0342    56                        push        si 
0343    57                        push        di 
0344    55                        push        bp 
0345    89 E5                     mov         bp,sp 
0347    83 EC 2E                  sub         sp,0x002e 
034A    89 C3                     mov         bx,ax 
034C    89 D1                     mov         cx,dx 
034E    30 C0                     xor         al,al 
0350    88 46 FC                  mov         byte ptr -0x4[bp],al 
0353    30 E4                     xor         ah,ah 
0355    89 46 FA                  mov         word ptr -0x6[bp],ax 
0358                          L$46:
0358    8B 76 FA                  mov         si,word ptr -0x6[bp] 
035B    C6 84 09 00 FF            mov         byte ptr _glob_data+0x9[si],0xff 
0360    FF 46 FA                  inc         word ptr -0x6[bp] 
0363    83 7E FA 1A               cmp         word ptr -0x6[bp],0x001a 
0367    7C EF                     jl          L$46 
0369    BA 07 00                  mov         dx,0x0007 
036C    8D 46 E6                  lea         ax,-0x1a[bp] 
036F    E8 00 00                  call        zerobytes_ 
0372    89 5E E6                  mov         word ptr -0x1a[bp],bx 
0375    89 4E E8                  mov         word ptr -0x18[bp],cx 
0378    8D 46 E6                  lea         ax,-0x1a[bp] 
037B    E8 00 00                  call        parseargv_ 
037E    85 C0                     test        ax,ax 
0380    75 03                     jne         L$47 
0382    E9 B6 01                  jmp         L$86 
0385                          L$47:
0385    1E                        push        ds 
0386    52                        push        dx 
0387    50                        push        ax 
0388    E8 A0 01                  call        L$83 
038B    50                        push        ax 
038C    69 63 6F 4D 45            imul        sp,word ptr 0x6f[bp+di],0x454d 
0391    4D                        dec         bp 
0392    20 44 46                  and         byte ptr 0x46[si],al 
0395    53                        push        bx 
0396    20 44 72                  and         byte ptr 0x72[si],al 
0399    69 76 65 72 20            imul        si,word ptr 0x65[bp],0x2072 
039E    66 6F                     outsd       
03A0    72 20                     jb          L$48 
03A2    53                        push        bx 
03A3    44                        inc         sp 
03A4    2F                        das         
03A5    55                        push        bp 
03A6    53                        push        bx 
03A7    42                        inc         dx 
03A8    20 61 63                  and         byte ptr 0x63[bx+di],ah 
03AB    63 65 73                  arpl        word ptr 0x73[di],sp 
03AE    73 20                     jae         L$49 
03B0    62 79 20                  bound       di,word ptr 0x20[bx+di] 
03B3    46                        inc         si 
03B4    72 65                     jb          L$52 
03B6    64 64 79 56               jns         L$50 
03BA    0D 0A 42                  or          ax,0x420a 
03BD    61                        popa        
03BE    73 65                     jae         L$53 
03C0    64 20                                           d 
03C2                          L$48:
03C2    6F                        outsw       
03C3    6E                        outsb       
03C4    20 45 74                  and         byte ptr 0x74[di],al 
03C7    68 65 72                  push        0x7265 
03CA    44                        inc         sp 
03CB    46                        inc         si 
03CC    53                        push        bx 
03CD    20 76 30                  and         byte ptr 0x30[bp],dh 
03D0                          L$49:
03D0    2E 38 2E 32 20            cmp         byte ptr cs:[0x2032],ch 
03D5    2F                        das         
03D6    20 43 6F                  and         byte ptr 0x6f[bp+di],al 
03D9    70 79                     jo          L$57 
03DB    72 69                     jb          L$55 
03DD    67 68 74 20               push        0x2074 
03E1    28 43 29                  sub         byte ptr 0x29[bp+di],al 
03E4    20 32                     and         byte ptr [bp+si],dh 
03E6    30 31                     xor         byte ptr [bx+di],dh 
03E8    37                        aaa         
03E9    2C 32                     sub         al,0x32 
03EB    30 31                     xor         byte ptr [bx+di],dh 
03ED    38 20                     cmp         byte ptr [bx+si],ah 
03EF    4D                        dec         bp 
03F0    61                        popa        
03F1    74 65                     je          L$58 
03F3    75 73                     jne         L$59 
03F5    7A 20                     jp          L$51 
03F7    56                        push        si 
03F8    69 73 74 65 0D            imul        si,word ptr 0x74[bp+di],0x0d65 
03FD    0A 0D                     or          cl,byte ptr [di] 
03FF    0A 55 73                  or          dl,byte ptr 0x73[di] 
0402    61                        popa        
0403    67 65 3A 20               cmp         ah,byte ptr gs:[eax] 
0407    70 6D                     jo          L$61 
0409    64 66 73 33               jae         L$54 
040D    20 72 64                  and         byte ptr 0x64[bp+si],dh 
0410                          L$50:
0410    72 76                     jb          L$64 
0412    2D 6C 64                  sub         ax,0x646c 
0415    72 76                     jb          L$65 
0417                          L$51:
0417    20 5B 72                  and         byte ptr 0x72[bp+di],bl 
041A    64                                              d
041B                          L$52:
041B    72 76                     jb          L$66 
041D    32 2D                     xor         ch,byte ptr [di] 
041F    6C                        insb        
0420    64 72 76                  jb          L$67 
0423    32 20                     xor         ah,byte ptr [bx+si] 
0425                          L$53:
0425    2E 2E 2E 5D               pop         bp 
0429    20 5B 6F                  and         byte ptr 0x6f[bp+di],bl 
042C    70 74                     jo          L$69 
042E    69 6F 6E 73 5D            imul        bp,word ptr 0x6e[bx],0x5d73 
0433    0D 0A 20                  or          ax,0x200a 
0436    20 20                     and         byte ptr [bx+si],ah 
0438    20 20                     and         byte ptr [bx+si],ah 
043A    20 20                     and         byte ptr [bx+si],ah 
043C    70 6D                     jo          L$70 
043E    64 66                                           df
0440                          L$54:
0440    73 33                     jae         L$60 
0442    20 2F                     and         byte ptr [bx],ch 
0444    75 0D                     jne         L$56 
0446                          L$55:
0446    0A 20                     or          ah,byte ptr [bx+si] 
0448    20 20                     and         byte ptr [bx+si],ah 
044A    20 20                     and         byte ptr [bx+si],ah 
044C    20 20                     and         byte ptr [bx+si],ah 
044E    72 64                     jb          L$72 
0450    72 76                     jb          L$73 
0452    20                                               
0453                          L$56:
0453    69                                              i
0454                          L$57:
0454    73 20                     jae         0x00000476 
0456    53                        push        bx 
0457    20                                               
0458                          L$58:
0458    66 6F                     outsd       
045A    72 20                     jb          L$62 
045C    53                        push        bx 
045D    44                        inc         sp 
045E    2C 20                     sub         al,0x20 
0460    55                        push        bp 
0461    20 66 6F                  and         byte ptr 0x6f[bp],ah 
0464    72 20                     jb          L$63 
0466    55                        push        bp 
0467    53                        push        bx 
0468                          L$59:
0468    42                        inc         dx 
0469    0D 0A 0D                  or          ax,0x0d0a 
046C    0A 4F 70                  or          cl,byte ptr 0x70[bx] 
046F    74 69                     je          L$74 
0471    6F                        outsw       
0472    6E                        outsb       
0473    73 3A                     jae         L$71 
0475                          L$60:
0475    0D                                              .
0476                          L$61:
0476    0A 20                     or          ah,byte ptr [bx+si] 
0478    20 2F                     and         byte ptr [bx],ch 
047A    71 20                     jno         L$68 
047C                          L$62:
047C    20 20                     and         byte ptr [bx+si],ah 
047E    20 20                     and         byte ptr [bx+si],ah 
0480    20 71 75                  and         byte ptr 0x75[bx+di],dh 
0483    69 65 74                                        iet
0486                          L$63:
0486    20 6D                                            m
0488                          L$64:
0488    6F                        outsw       
0489    64 65 20 28               and         byte ptr 
048D                          L$65:
048D    70 72                     jo          L$78 
048F    69 6E 74 20                                     int 
0493                          L$66:
0493    6E                        outsb       
0494    6F                        outsw       
0495    74 68                     je          L$77 
0497    69 6E                                           in
0499                          L$67:
0499    67 20 69                                        g i
049C                          L$68:
049C    66 20 6C 6F               and         byte ptr 0x6f[si],ch 
04A0    61                        popa        
04A1    64                                              d
04A2                          L$69:
04A2    65 64 2F                  das         
04A5    75 6E                     jne         L$79 
04A7    6C                        insb        
04A8    6F                        outsw       
04A9    61                        popa        
04AA    64                                              d
04AB                          L$70:
04AB    65 64 20 73                                     ed s
04AF                          L$71:
04AF    75 63                     jne         0x00000514 
04B1    63 65 73                  arpl        word ptr 0x73[di],sp 
04B4                          L$72:
04B4    73 66 75 6C                                     DD		     04B4
				; The label referred to here is an undefined location
L$82
04B8    6C                        insb        
04B9    79 29                     jns         L$76 
04BB    0D 0A 20                  or          ax,0x200a 
04BE    20 2F                     and         byte ptr [bx],ch 
04C0    75 20                     jne         L$75 
04C2    20 20                     and         byte ptr [bx+si],ah 
04C4    20 20                     and         byte ptr [bx+si],ah 
04C6    20 75                                            u
04C8                          L$73:
04C8    6E                        outsb       
04C9    6C                        insb        
04CA    6F                        outsw       
04CB    61                        popa        
04CC    64 20 50 4D               and         byte ptr fs:0x4d[bx+si],dl 
04D0    44                        inc         sp 
04D1    46                        inc         si 
04D2    53                        push        bx 
04D3    20 66 72                  and         byte ptr 0x72[bp],ah 
04D6    6F                        outsw       
04D7    6D                        insw        
04D8    20 6D                                            m
04DA                          L$74:
04DA    65 6D                     ins         word ptr [di],dx 
04DC    6F                        outsw       
04DD    72 79                     jb          L$90 
04DF    0D 0A 0D                  or          ax,0x0d0a 
04E2                          L$75:
04E2    0A 45                                           .E
04E4                          L$76:
04E4    78 61                     js          0x00000547 
04E6    6D                        insw        
04E7    70 6C                     jo          L$89 
04E9    65 3A 20                  cmp         ah,byte ptr gs:[bx+si] 
04EC    70 6D                     jo          L$91 
04EE    64 66 73 33               jae         L$81 
04F2    20 53 2D                  and         byte ptr 0x2d[bp+di],dl 
04F5    44                        inc         sp 
04F6    20 55 2D                  and         byte ptr 0x2d[di],dl 
04F9    45                        inc         bp 
04FA    0D 0A 20                  or          ax,0x200a 
04FD    20 20                     and         byte ptr [bx+si],ah 
04FF                          L$77:
04FF    20 20                     and         byte ptr [bx+si],ah 
0501                          L$78:
0501    20 20                     and         byte ptr [bx+si],ah 
0503    20 20                     and         byte ptr [bx+si],ah 
0505    3E 20 77 69               and         byte ptr ds:0x69[bx],dh 
0509    6C                        insb        
050A    6C                        insb        
050B    20 6D 61                  and         byte ptr 0x61[di],ch 
050E    70 20                     jo          L$84 
0510    74 68                     je          L$92 
0512    65 20 53                                        e S
0515                          L$79:
0515    44                        inc         sp 
0516    20 74 6F                  and         byte ptr 0x6f[si],dh 
0519    20 44 20                  and         byte ptr 0x20[si],al 
051C    61                        popa        
051D    6E                        outsb       
051E    64 20 55 53               and         byte ptr fs:0x53[di],dl 
0522    42                        inc         dx 
0523    20                                               
0524                          L$80:
0524    74                                              t
0525                          L$81:
0525    6F                        outsw       
0526    20 45                                            E
0528                          L$82:
0528    0D 0A 24                  or          ax,0x240a 
052B                          L$83:
052B    5A                        pop         dx 
052C    0E                        push        cs 
052D    1F                        pop         ds 
052E    B4 09                     mov         ah,0x09 
0530                          L$84:
0530    CD 21                     int         0x21 
0532    58                        pop         ax 
0533    5A                        pop         dx 
0534    1F                        pop         ds 
0535                          L$85:
0535    B8 01 00                  mov         ax,0x0001 
0538    E9 F2 FA                  jmp         L$5 
053B                          L$86:
053B    B4 30                     mov         ah,0x30 
053D    CD 21                     int         0x21 
053F    3C 03                     cmp         al,0x03 
0541    75 0C                     jne         L$87 
0543    80 FC 14                  cmp         ah,0x14 
0546    72 07                     jb          L$87 
0548    88 86 FC FF               mov         byte ptr -0x4[bp],al 
054C    E9 05 00                  jmp         L$88 
054F                          L$87:
054F    C6 86 FC FF 00            mov         byte ptr -0x4[bp],0x00 
0554                          L$88:
0554    80                                              .
0555                          L$89:
0555    7E FC                     jle         0x00000553 
0557    03                                              .
0558                          L$90:
0558    73 5A                     jae         L$94 
055A    1E                        push        ds 
055B                          L$91:
055B    52                        push        dx 
055C    50                        push        ax 
055D    E8 48 00                  call        L$93 
0560    57                        push        di 
0561    72 6F                     jb          L$96 
0563    6E                        outsb       
0564    67 20 44 4F 53            and         byte ptr 0x53[edi+ecx*2],al 
0569    20 76 65                  and         byte ptr 0x65[bp],dh 
056C    72 73                     jb          L$97 
056E    69 6F 6E 21 20            imul        bp,word ptr 0x6e[bx],0x2021 
0573    54                        push        sp 
0574    68 69 73                  push        0x7369 
0577    20 76 65                  and         byte ptr 0x65[bp],dh 
057A                          L$92:
057A    72 73                     jb          L$98 
057C    69 6F 6E 20 6F            imul        bp,word ptr 0x6e[bx],0x6f20 
0581    66 20 50 4D               and         byte ptr 0x4d[bx+si],dl 
0585    44                        inc         sp 
0586    46                        inc         si 
0587    53                        push        bx 
0588    20 72 65                  and         byte ptr 0x65[bp+si],dh 
058B    71 75                     jno         L$100 
058D    69 72 65 73 20            imul        si,word ptr 0x65[bp+si],0x2073 
0592    4D                        dec         bp 
0593    53                        push        bx 
0594    2D 44 4F                  sub         ax,0x4f44 
0597    53                        push        bx 
0598    20 33                     and         byte ptr [bp+di],dh 
059A    2E 32 30                  xor         dh,byte ptr cs:[bx+si] 
059D    20 2D                     and         byte ptr [di],ch 
059F    20 33                     and         byte ptr [bp+di],dh 
05A1    2E 33 30                  xor         si,word ptr cs:[bx+si] 
05A4    2E 0D 0A 24               or          ax,0x240a 
05A8                          L$93:
05A8    5A                        pop         dx 
05A9    0E                        push        cs 
05AA    1F                        pop         ds 
05AB    B4 09                     mov         ah,0x09 
05AD    CD 21                     int         0x21 
05AF    58                        pop         ax 
05B0    5A                        pop         dx 
05B1    1F                        pop         ds 
05B2    EB 81                     jmp         L$85 
05B4                          L$94:
05B4    C6 86 FC FF 00            mov         byte ptr -0x4[bp],0x00 
05B9    B8 00 11                  mov         ax,0x1100 
05BC    CD 2F                     int         0x2f 
05BE    48                        dec         ax 
05BF    75 05                     jne         L$95 
05C1    C6 86 FC FF 01            mov         byte ptr -0x4[bp],0x01 
05C6                          L$95:
05C6    80 7E FC 00               cmp         byte ptr -0x4[bp],0x00 
05CA    74 62                     je          L$104 
05CC    1E                        push        ds 
05CD    52                        push        dx 
05CE    50                        push        ax 
05CF    E8 4F 00                  call        L$102 
05D2                          L$96:
05D2    52                        push        dx 
05D3    65 64 69 72 65 63 74      imul        si,word ptr 
05DA    6F                        outsw       
05DB    72 20                     jb          L$99 
05DD    69 6E 73 74                                     inst
05E1                          L$97:
05E1    61                        popa        
05E2    6C                        insb        
05E3    6C                        insb        
05E4    61                        popa        
05E5    74 69                     je          L$107 
05E7    6F                        outsw       
05E8    6E                        outsb       
05E9    20 68 61                  and         byte ptr 0x61[bx+si],ch 
05EC    73 20                     jae         L$101 
05EE    62                                              b
05EF                          L$98:
05EF    65 65 6E                  outs        dx,byte ptr gs:[si] 
05F2    20 66 6F                  and         byte ptr 0x6f[bp],ah 
05F5    72 62                     jb          L$108 
05F7    69 64 64 65 6E            imul        sp,word ptr 0x64[si],0x6e65 
05FC    20                                               
05FD                          L$99:
05FD    65 69 74                                        eit
0600    68 65 72 20                                     DD		     0600
				; The label referred to here is an undefined location
L$109
0602                          L$100:
0602    72 20                     jb          L$103 
0604    62 79 20                  bound       di,word ptr 0x20[bx+di] 
0607    44                        inc         sp 
0608    4F                        dec         di 
0609    53                        push        bx 
060A    20 6F 72                  and         byte ptr 0x72[bx],ch 
060D    20                                               
060E                          L$101:
060E    61                        popa        
060F    6E                        outsb       
0610    6F                        outsw       
0611    74 68                     je          L$112 
0613    65 72 20                  jb          L$105 
0616    70 72                     jo          L$114 
0618    6F                        outsw       
0619    63 65 73                  arpl        word ptr 0x73[di],sp 
061C    73 2E                     jae         L$106 
061E    0D 0A 24                  or          ax,0x240a 
0621                          L$102:
0621    5A                        pop         dx 
0622    0E                        push        cs 
0623    1F                        pop         ds 
0624                          L$103:
0624    B4 09                     mov         ah,0x09 
0626    CD 21                     int         0x21 
0628    58                        pop         ax 
0629    5A                        pop         dx 
062A    1F                        pop         ds 
062B    E9 07 FF                  jmp         L$85 
062E                          L$104:
062E    F6 46 EC 04               test        byte ptr -0x14[bp],0x04 
0632    74 53                     je          L$113 
0634    8D 46                                           .F
0636                          L$105:
0636    FC                        cld         
0637    E8 00 00                  call        findfreemultiplex_ 
063A    88 46 FE                  mov         byte ptr -0x2[bp],al 
063D    80 7E FC 00               cmp         byte ptr -0x4[bp],0x00 
0641    75 47                     jne         L$114 
0643    1E                        push        ds 
0644    52                        push        dx 
0645    50                        push        ax 
0646    E8 31 00                  call        L$111 
0649    50                        push        ax 
064A    4D                        dec         bp 
064B    44                        inc         sp 
064C                          L$106:
064C    46                        inc         si 
064D    53                        push        bx 
064E    20 69                                            i
0650                          L$107:
0650    73 20                     jae         0x00000672 
0652    6E                        outsb       
0653    6F                        outsw       
0654    74 20                     je          L$110 
0656    6C                        insb        
0657    6F                        outsw       
0658    61                        popa        
0659                          L$108:
0659    64 65 64 2C 20            sub         al,0x20 
065E    73 6F                     jae         L$117 
0660    20 69 74                  and         byte ptr 0x74[bx+di],ch 
0663    20 63 61                  and         byte ptr 0x61[bp+di],ah 
0666    6E                        outsb       
0667    6E                        outsb       
0668    6F                        outsw       
0669                          L$109:
0669    74 20                     je          L$115 
066B    62 65 20                  bound       sp,word ptr 0x20[di] 
066E    75 6E                     jne         L$118 
0670    6C                        insb        
0671    6F                        outsw       
0672    61                        popa        
0673    64 65 64                                        ded
0676                          L$110:
0676    2E 0D 0A 24               or          ax,0x240a 
067A                          L$111:
067A    5A                        pop         dx 
067B                          L$112:
067B    0E                        push        cs 
067C    1F                        pop         ds 
067D    B4 09                     mov         ah,0x09 
067F    CD 21                     int         0x21 
0681    58                        pop         ax 
0682    5A                        pop         dx 
0683    1F                        pop         ds 
0684    E9 AE FE                  jmp         L$85 
0687                          L$113:
0687    E9 B1 01                  jmp         L$141 
068A                          L$114:
068A    50                        push        ax 
068B                          L$115:
068B    53                        push        bx 
068C    06                        push        es 
068D    B8 2F 35                  mov         ax,0x352f 
0690    CD 21                     int         0x21 
0692    8C 86 EE FF               mov         word ptr -0x12[bp],es 
0696    89 9E F4 FF               mov         word ptr -0xc[bp],bx 
069A    07                        pop         es 
069B    5B                        pop         bx 
069C    58                        pop         ax 
069D    8B 5E F4                  mov         bx,word ptr -0xc[bp] 
06A0    8E 46 EE                  mov         es,word ptr -0x12[bp] 
06A3    83 C3 18                  add         bx,0x0018 
06A6    26 80 3F 4D               cmp         byte ptr es:[bx],0x4d 
06AA    75 15                     jne         L$116 
06AC    26 80 7F 01 56            cmp         byte ptr es:0x1[bx],0x56 
06B1    75 0E                     jne         L$116 
06B3    26 80 7F 02 65            cmp         byte ptr es:0x2[bx],0x65 
06B8    75 07                     jne         L$116 
06BA    26 80 7F 03 74            cmp         byte ptr es:0x3[bx],0x74 
06BF    74 60                     je          L$122 
06C1                          L$116:
06C1    1E                        push        ds 
06C2    52                        push        dx 
06C3    50                        push        ax 
06C4    E8 4D 00                  call        L$121 
06C7    50                        push        ax 
06C8    4D                        dec         bp 
06C9    44                        inc         sp 
06CA    46                        inc         si 
06CB    53                        push        bx 
06CC    20 63 61                  and         byte ptr 0x61[bp+di],ah 
06CF                          L$117:
06CF    6E                        outsb       
06D0    6E                        outsb       
06D1    6F                        outsw       
06D2    74 20                     je          L$119 
06D4    62 65 20                  bound       sp,word ptr 0x20[di] 
06D7    75 6E                     jne         L$126 
06D9    6C                        insb        
06DA    6F                        outsw       
06DB    61                        popa        
06DC    64 65                                           de
06DE                          L$118:
06DE    64 20 62 65               and         byte ptr fs:0x65[bp+si],ah 
06E2    63 61 75                  arpl        word ptr 0x75[bx+di],sp 
06E5    73 65                     jae         L$127 
06E7    20 61 6E                  and         byte ptr 0x6e[bx+di],ah 
06EA    6F                        outsw       
06EB    74 68                     je          L$128 
06ED    65 72 20                  jb          L$120 
06F0    54                        push        sp 
06F1    53                        push        bx 
06F2    52                        push        dx 
06F3    20                                               
06F4                          L$119:
06F4    68 6F 6F                  push        0x6f6f 
06F7    6B 65 64 20               imul        sp,word ptr 0x64[di],0x0020 
06FB    69 74 73 20 69            imul        si,word ptr 0x73[si],0x6920 
0700    6E                        outsb       
0701    74 65                     je          L$129 
0703    72 72                     jb          L$130 
0705    75 70                     jne         L$130 
0707    74 20                     je          L$123 
0709    68 61 6E                  push        0x6e61 
070C    64 6C                     ins         byte ptr [di],dx 
070E    65 72                                           er
0710                          L$120:
0710    2E 0D 0A 24                                     DD		     0710
				; The label referred to here is an undefined location
L$124
0714                          L$121:
0714    5A                        pop         dx 
0715    0E                        push        cs 
0716    1F                        pop         ds 
0717    B4 09                     mov         ah,0x09 
0719    CD 21                     int         0x21 
071B    58                        pop         ax 
071C    5A                        pop         dx 
071D    1F                        pop         ds 
071E    E9 14 FE                  jmp         L$85 
0721                          L$122:
0721    50                        push        ax 
0722    53                        push        bx 
0723    51                        push        cx 
0724    9C                        pushf       
0725    8A A6 FE FF               mov         ah,byte ptr -0x2[bp] 
0729                          L$123:
0729    B0 01                     mov         al,0x01 
072B    B9 86 4D                  mov         cx,0x4d86 
072E    C7 86 EE FF FF FF         mov         word ptr -0x12[bp],0xffff 
0734    CD 2F                     int         0x2f 
0736    85 C0                     test        ax,ax 
0738    75 0C                     jne         L$125 
073A    89 9E EE FF               mov         word ptr -0x12[bp],bx 
073E    89                                              .
073F                          L$124:
073F    8E                        ????        
0740    F4                        hlt         
0741    FF 89 96 F0               dec         word ptr -0xf6a[bx+di] 
0745    FF                                              .
0746                          L$125:
0746    9D                        popf        
0747                          L$126:
0747    59                        pop         cx 
0748    5B                        pop         bx 
0749    58                        pop         ax 
074A    83 7E                                           .~
074C                          L$127:
074C    EE                        out         dx,al 
074D    FF 75 38                  push        word ptr L$132[di] 
0750    1E                        push        ds 
0751    52                        push        dx 
0752    50                        push        ax 
0753    E8                                              .
0754    25 00 43 6F                                     DD		     0754
				; The label referred to here is an undefined location
L$131
0755                          L$128:
0755    00 43 6F                  add         byte ptr 0x6f[bp+di],al 
0758    6D                        insw        
0759    6D                        insw        
075A    75 6E                     jne         L$134 
075C    69 63 61 74 69            imul        sp,word ptr 0x61[bp+di],0x6974 
0761    6F                        outsw       
0762    6E                        outsb       
0763    20 77 69                  and         byte ptr 0x69[bx],dh 
0766    74 68                     je          L$136 
0768                          L$129:
0768    20 74 68                  and         byte ptr 0x68[si],dh 
076B    65 20 54 53               and         byte ptr gs:0x53[si],dl 
076F    52                        push        dx 
0770    20 66 61                  and         byte ptr 0x61[bp],ah 
0773    69 6C 65 64                                     iled
0777                          L$130:
0777    2E 0D 0A 24               or          ax,0x240a 
077B                          L$131:
077B    5A                        pop         dx 
077C    0E                        push        cs 
077D    1F                        pop         ds 
077E    B4 09                     mov         ah,0x09 
0780    CD 21                     int         0x21 
0782    58                        pop         ax 
0783    5A                        pop         dx 
0784    1F                        pop         ds 
0785    E9 AD FD                  jmp         L$85 
0788                          L$132:
0788    8B 5E F4                  mov         bx,word ptr -0xc[bp] 
078B    8E 46 EE                  mov         es,word ptr -0x12[bp] 
078E    89 5E F6                  mov         word ptr -0xa[bp],bx 
0791    8C 46 F8                  mov         word ptr -0x8[bp],es 
0794    8B 46 EE                  mov         ax,word ptr -0x12[bp] 
0797    89 46 F0                  mov         word ptr -0x10[bp],ax 
079A    26 8B 07                  mov         ax,word ptr es:[bx] 
079D    89 46 EE                  mov         word ptr -0x12[bp],ax 
07A0    26 8B 47 02               mov         ax,word ptr es:0x2[bx] 
07A4    89 46 F4                  mov         word ptr -0xc[bp],ax 
07A7    50                        push        ax 
07A8    1E                        push        ds 
07A9    52                        push        dx 
07AA    8B 86 EE FF               mov         ax,word ptr -0x12[bp] 
07AE    50                        push        ax 
07AF    1F                        pop         ds 
07B0    8B 96 F4 FF               mov         dx,word ptr -0xc[bp] 
07B4    B8 2F 25                  mov         ax,0x252f 
07B7    CD 21                     int         0x21 
07B9    5A                        pop         dx 
07BA    1F                        pop         ds 
07BB    58                        pop         ax 
07BC    C7 46 FA 00 00            mov         word ptr -0x6[bp],0x0000 
07C1    EB 09                     jmp         L$135 
07C3                          L$133:
07C3    FF 46 FA                  inc         word ptr -0x6[bp] 
07C6    83 7E FA 1A               cmp         word ptr -0x6[bp],0x001a 
07CA                          L$134:
07CA    7D 27                     jge         L$138 
07CC                          L$135:
07CC    C4 5E F6                  les         bx,dword ptr -0xa[bp] 
07CF    03                                              .
07D0                          L$136:
07D0    5E                        pop         si 
07D1    FA                        cli         
07D2    26 80 7F 09 FF            cmp         byte ptr es:0x9[bx],0xff 
07D7    74 EA                     je          L$133 
07D9    8B 46 FA                  mov         ax,word ptr -0x6[bp] 
07DC    E8 00 00                  call        getcds_ 
07DF    89 C3                     mov         bx,ax 
07E1    85 D2                     test        dx,dx 
07E3    75 04                     jne         L$137 
07E5    85 C0                     test        ax,ax 
07E7    74 DA                     je          L$133 
07E9                          L$137:
07E9    8E C2                     mov         es,dx 
07EB    26 C7 47 43 00 00         mov         word ptr es:0x43[bx],0x0000 
07F1    EB D0                     jmp         L$133 
07F3                          L$138:
07F3    8B 46 F0                  mov         ax,word ptr -0x10[bp] 
07F6    E8 00 00                  call        freeseg_ 
07F9    C4 5E F6                  les         bx,dword ptr -0xa[bp] 
07FC    26 8B 47 04               mov         ax,word ptr es:0x4[bx] 
0800    E8 00 00                  call        freeseg_ 
0803    F6 46 EC 01               test        byte ptr -0x14[bp],0x01 
0807    75 2F                     jne         L$140 
0809    1E                        push        ds 
080A    52                        push        dx 
080B    50                        push        ax 
080C    E8 1F 00                  call        L$139 
080F    50                        push        ax 
0810    4D                        dec         bp 
0811    44                        inc         sp 
0812    46                        inc         si 
0813    53                        push        bx 
0814    20 75 6E                  and         byte ptr 0x6e[di],dh 
0817    6C                        insb        
0818    6F                        outsw       
0819    61                        popa        
081A    64 65 64 20 73 75         and         byte ptr 
0820    63 63 65                  arpl        word ptr 0x65[bp+di],sp 
0823    73 73                     jae         L$145 
0825    66 75 6C                  jne         L$144 
0828    6C                        insb        
0829    79 2E                     jns         L$142 
082B    0D 0A 24                  or          ax,0x240a 
082E                          L$139:
082E    5A                        pop         dx 
082F    0E                        push        cs 
0830    1F                        pop         ds 
0831    B4 09                     mov         ah,0x09 
0833    CD 21                     int         0x21 
0835    58                        pop         ax 
0836    5A                        pop         dx 
0837    1F                        pop         ds 
0838                          L$140:
0838    E9 A4 04                  jmp         L$237 
083B                          L$141:
083B    B8 2F 35                  mov         ax,0x352f 
083E    06                        push        es 
083F    53                        push        bx 
0840    CD 21                     int         0x21 
0842    8C 06 00 00               mov         word ptr _glob_data,es 
0846    89 1E 02 00               mov         word ptr _glob_data+0x2,bx 
084A    5B                        pop         bx 
084B    07                        pop         es 
084C    8D 46 FC                  lea         ax,-0x4[bp] 
084F    E8 00 00                  call        findfreemultiplex_ 
0852    A2 00 00                  mov         byte ptr _glob_multiplexid,al 
0855    80 7E FC 00               cmp         byte ptr -0x4[bp],0x00 
0859                          L$142:
0859    74 4C                     je          L$147 
085B    1E                        push        ds 
085C    52                        push        dx 
085D    50                        push        ax 
085E    E8 39 00                  call        L$146 
0861    50                        push        ax 
0862    4D                        dec         bp 
0863    44                        inc         sp 
0864    46                        inc         si 
0865    53                        push        bx 
0866    20 69 73                  and         byte ptr 0x73[bx+di],ch 
0869    20 61 6C                  and         byte ptr 0x6c[bx+di],ah 
086C    72 65                     jb          L$148 
086E    61                        popa        
086F    64 79 20                  jns         L$143 
0872    69 6E 73 74 61            imul        bp,word ptr 0x73[bp],0x6174 
0877    6C                        insb        
0878    6C                        insb        
0879    65 64 20 61 6E            and         byte ptr 
087E    64 20 63 61               and         byte ptr fs:0x61[bp+di],ah 
0882    6E                        outsb       
0883    6E                        outsb       
0884    6F                        outsw       
0885    74 20                     je          L$147 
0887    62 65 20                  bound       sp,word ptr 0x20[di] 
088A    6C                        insb        
088B    6F                        outsw       
088C    61                        popa        
088D    64 65 64 20 74                                  ded t
0892                          L$143:
0892    77 69                     ja          0x000008fd 
0894                          L$144:
0894    63 65 2E                  arpl        word ptr 0x2e[di],sp 
0897    0D                                              .
0898                          L$145:
0898    0A 24                     or          ah,byte ptr [si] 
089A                          L$146:
089A    5A                        pop         dx 
089B    0E                        push        cs 
089C    1F                        pop         ds 
089D    B4 09                     mov         ah,0x09 
089F    CD 21                     int         0x21 
08A1    58                        pop         ax 
08A2    5A                        pop         dx 
08A3    1F                        pop         ds 
08A4    E9 8E FC                  jmp         L$85 
08A7                          L$147:
08A7    84 C0                     test        al,al 
08A9    75 72                     jne         L$153 
08AB    1E                        push        ds 
08AC    52                        push        dx 
08AD    50                        push        ax 
08AE    E8 5F 00                  call        L$152 
08B1    46                        inc         si 
08B2    61                        popa        
08B3    69 6C 65 64 20            imul        bp,word ptr 0x65[si],0x2064 
08B8    74 6F                     je          L$157 
08BA    20 66 69                  and         byte ptr 0x69[bp],ah 
08BD    6E                        outsb       
08BE    64 20 61 6E               and         byte ptr fs:0x6e[bx+di],ah 
08C2    20 61 76                  and         byte ptr 0x76[bx+di],ah 
08C5    61                        popa        
08C6    69 6C 61 62 6C            imul        bp,word ptr 0x61[si],0x6c62 
08CB    65 20 49 4E               and         byte ptr gs:0x4e[bx+di],cl 
08CF    54                        push        sp 
08D0    20 32                     and         byte ptr [bp+si],dh 
08D2    46                        inc         si 
08D3                          L$148:
08D3    20 6D 75                  and         byte ptr 0x75[di],ch 
08D6    6C                        insb        
08D7    74 69                     je          L$160 
08D9    70 6C                     jo          L$162 
08DB    65 78 20                  js          L$149 
08DE    69 64 2E 0D 0A            imul        sp,word ptr 0x2e[si],0x0a0d 
08E3    59                        pop         cx 
08E4    6F                        outsw       
08E5    75 20                     jne         L$150 
08E7    6D                        insw        
08E8    61                        popa        
08E9    79 20                     jns         L$151 
08EB    68 61 76                  push        0x7661 
08EE    65 20 6C 6F               and         byte ptr gs:0x6f[si],ch 
08F2    61                        popa        
08F3    64 65 64 20 74 6F         and         byte ptr 
08F9    6F                        outsw       
08FA    20 6D 61                  and         byte ptr 0x61[di],ch 
08FD    6E                        outsb       
08FE                          L$149:
08FE    79 20                     jns         L$154 
0900    54                        push        sp 
0901    53                        push        bx 
0902    52                        push        dx 
0903    73 20                     jae         L$156 
0905    61                        popa        
0906    6C                        insb        
0907                          L$150:
0907    72 65                     jb          L$164 
0909    61                        popa        
090A    64                                              d
090B                          L$151:
090B    79 2E                     jns         L$159 
090D    0D 0A 24                  or          ax,0x240a 
0910                          L$152:
0910    5A                        pop         dx 
0911    0E                        push        cs 
0912    1F                        pop         ds 
0913    B4 09                     mov         ah,0x09 
0915    CD 21                     int         0x21 
0917    58                        pop         ax 
0918    5A                        pop         dx 
0919    1F                        pop         ds 
091A    E9 18 FC                  jmp         L$85 
091D                          L$153:
091D    C7 46 FA                                        .F.
0920                          L$154:
0920    00 00                     add         byte ptr [bx+si],al 
0922    EB 0C                     jmp         L$158 
0924                          L$155:
0924    FF                                              .
0925                          L$156:
0925    46                        inc         si 
0926    FA                        cli         
0927    83 7E                                           .~
0929                          L$157:
0929    FA                        cli         
092A    1A 7C 03                  sbb         bh,byte ptr L$158[si] 
092D    E9 86 01                  jmp         L$201 
0930                          L$158:
0930    8B 5E FA                  mov         bx,word ptr -0x6[bp] 
0933    80 BF 09 00 FF            cmp         byte ptr _glob_data+0x9[bx],0xff 
0938    74 EA                     je          L$155 
093A    89                                              .
093B                          L$159:
093B    D8 E8                     fsubr       st,st 
093D    00 00                                           DW	offset getcds_
093F    89 C3                     mov         bx,ax 
0941    85                                              .
0942                          L$160:
0942    D2                        ????        
0943    74 03                     je          L$163 
0945                          L$161:
0945    E9                                              .
0946    F4 00 85 C0                                     DD		     0946
				; The label referred to here is an undefined location
L$189
0947                          L$162:
0947    00                                              .
0948                          L$163:
0948    85 C0                     test        ax,ax 
094A    75 F9                     jne         L$161 
094C    1E                        push        ds 
094D    52                        push        dx 
094E    50                        push        ax 
094F    E8 DD 00                  call        L$186 
0952    55                        push        bp 
0953    6E                        outsb       
0954    61                        popa        
0955    62 6C 65                  bound       bp,word ptr 0x65[si] 
0958    20 74 6F                  and         byte ptr 0x6f[si],dh 
095B    20 61 63                  and         byte ptr 0x63[bx+di],ah 
095E    74 69                     je          L$168 
0960    76 61                     jbe         L$167 
0962    74 65                     je          L$168 
0964    20 74 68                  and         byte ptr 0x68[si],dh 
0967    65 20 6C 6F               and         byte ptr gs:0x6f[si],ch 
096B    63 61 6C                  arpl        word ptr 0x6c[bx+di],sp 
096E                          L$164:
096E    20 64 72                  and         byte ptr 0x72[si],ah 
0971    69 76 65 20 6D            imul        si,word ptr 0x65[bp],0x6d20 
0976    61                        popa        
0977    70 70                     jo          L$170 
0979    69 6E 67 2E 20            imul        bp,word ptr 0x67[bp],0x202e 
097E    59                        pop         cx 
097F    6F                        outsw       
0980    75 20                     jne         L$165 
0982    61                        popa        
0983    72 65                     jb          L$171 
0985    20 65 69                  and         byte ptr 0x69[di],ah 
0988    74 68                     je          L$172 
098A    65 72 20                  jb          L$166 
098D    75 73                     jne         L$175 
098F    69 6E 67 20 61            imul        bp,word ptr 0x67[bp],0x6120 
0994    6E                        outsb       
0995    0D 0A 75                  or          ax,0x750a 
0998    6E                        outsb       
0999    73 75                     jae         L$178 
099B    70 70                     jo          L$177 
099D    6F                        outsw       
099E    72 74                     jb          L$180 
09A0    65 64                                           ed
09A2                          L$165:
09A2    20 6F 70                  and         byte ptr 0x70[bx],ch 
09A5    65 72 61                  jb          L$176 
09A8    74 69                     je          L$179 
09AA    6E                        outsb       
09AB    67 20                                           g 
09AD                          L$166:
09AD    73 79                     jae         0x00000a28 
09AF    73 74                     jae         L$181 
09B1    65 6D                     ins         word ptr [di],dx 
09B3    2C 20                     sub         al,0x20 
09B5    6F                        outsw       
09B6    72 20                     jb          L$169 
09B8    79 6F                     jns         L$183 
09BA    75 72                     jne         L$185 
09BC    20 4C 41                  and         byte ptr 0x41[si],cl 
09BF    53                        push        bx 
09C0    54                        push        sp 
09C1    44                        inc         sp 
09C2    52                        push        dx 
09C3                          L$167:
09C3    49                        dec         cx 
09C4    56                        push        si 
09C5    45                        inc         bp 
09C6    20 64 69                  and         byte ptr 0x69[si],ah 
09C9                          L$168:
09C9    72 65                     jb          L$187 
09CB    63 74 69                  arpl        word ptr 0x69[si],si 
09CE    76 65                     jbe         L$188 
09D0    20 64 6F                  and         byte ptr 0x6f[si],ah 
09D3    65 73 20                  jae         L$173 
09D6    6E                        outsb       
09D7    6F                        outsw       
09D8                          L$169:
09D8    74 20                     je          L$174 
09DA    70 65                     jo          L$190 
09DC    72 6D                     jb          L$192 
09DE    69 74 0D 0A 74            imul        si,word ptr 0xd[si],0x740a 
09E3    6F                        outsw       
09E4    20 64 65                  and         byte ptr 0x65[si],ah 
09E7    66 69                                           fi
09E9                          L$170:
09E9    6E                        outsb       
09EA                          L$171:
09EA    65 20 74 68               and         byte ptr gs:0x68[si],dh 
09EE    65 20 72 65               and         byte ptr gs:0x65[bp+si],dh 
09F2                          L$172:
09F2    71 75                     jno         L$193 
09F4    65 73                                           es
09F6                          L$173:
09F6    74 65 64 20                                     DD		     09F6
				; The label referred to here is an undefined location
L$194
09FA                          L$174:
09FA    64 72 69                  jb          0x00000a66 
09FD    76 65                     jbe         0x00000a64 
09FF    20 6C 65                  and         byte ptr 0x65[si],ch 
0A02                          L$175:
0A02    74 74                     je          L$195 
0A04    65 72 20                  jb          L$182 
0A07    28 74                                           (t
0A09                          L$176:
0A09    72 79                     jb          0x00000a84 
0A0B    20 4C 41 53                                     DD		     0A0B
				; The label referred to here is an undefined location
L$184
0A0F                          L$177:
0A0F    54                        push        sp 
0A10                          L$178:
0A10    44                        inc         sp 
0A11    52                        push        dx 
0A12    49                        dec         cx 
0A13                          L$179:
0A13    56                        push        si 
0A14                          L$180:
0A14    45                        inc         bp 
0A15    3D 5A 20                  cmp         ax,0x205a 
0A18    69 6E 20 79 6F            imul        bp,word ptr 0x20[bp],0x6f79 
0A1D    75 72                     jne         L$197 
0A1F    20 43 4F                  and         byte ptr 0x4f[bp+di],al 
0A22    4E                        dec         si 
0A23    46                        inc         si 
0A24    49                        dec         cx 
0A25                          L$181:
0A25    47                        inc         di 
0A26    2E                                              .
0A27                          L$182:
0A27    53                        push        bx 
0A28    59                        pop         cx 
0A29                          L$183:
0A29    53                        push        bx 
0A2A    29 2E                                           ).
0A2C                          L$184:
0A2C    0D 0A 24 5A                                     DD	ds:[0xa0d]
0A30                          L$185:
0A30                          L$186:
0A30                          L$187:
0A30    0E                        push        cs 
0A31    1F                        pop         ds 
0A32    B4 09                     mov         ah,0x09 
0A34    CD                                              .
0A35                          L$188:
0A35    21 58 5A                  and         word ptr 0x5a[bx+si],bx 
0A38    1F                        pop         ds 
0A39    E9 F9 FA                  jmp         L$85 
0A3C                          L$189:
0A3C    8E C2                     mov         es,dx 
0A3E    26 83 7F                                        &..
0A41                          L$190:
0A41    43                        inc         bx 
0A42    00 75 03                  add         byte ptr L$191[di],dh 
0A45    E9 DC FE                  jmp         L$155 
0A48                          L$191:
0A48    1E                        push        ds 
0A49    52                        push        dx 
0A4A    50                        push        ax 
0A4B                          L$192:
0A4B    E8 5B 00                  call        L$200 
0A4E    54                        push        sp 
0A4F    68 65 20                  push        0x2065 
0A52    72 65                     jb          L$202 
0A54    71 75                     jno         L$203 
0A56    65 73 74                  jae         L$204 
0A59    65 64 20 6C 6F            and         byte ptr 
0A5E    63 61 6C                  arpl        word ptr 0x6c[bx+di],sp 
0A61    20 64 72                  and         byte ptr 0x72[si],ah 
0A64    69 76 65 20 6C            imul        si,word ptr 0x65[bp],0x6c20 
0A69                          L$193:
0A69    65 74                                           et
0A6B                          L$194:
0A6B    74 65 72 20                                     DD		     0A6B
				; The label referred to here is an undefined location
L$207
0A6F    69 73 20 61 6C            imul        si,word ptr 0x20[bp+di],0x6c61 
0A74    72 65                     jb          L$206 
0A76    61                        popa        
0A77    64                                              d
0A78                          L$195:
0A78    79 20                     jns         L$198 
0A7A    69 6E 20 75 73            imul        bp,word ptr 0x20[bp],0x7375 
0A7F    65 2E 20 50 6C            and         byte ptr 
0A84    65 61                     popa        
0A86    73 65                     jae         L$209 
0A88    20 63 68                  and         byte ptr 0x68[bp+di],ah 
0A8B    6F                        outsw       
0A8C    6F                        outsw       
0A8D    73 65                     jae         L$211 
0A8F                          L$196:
0A8F    20 61                                            a
0A91                          L$197:
0A91    6E                        outsb       
0A92    6F                        outsw       
0A93    74 68                     je          L$212 
0A95    65 72 0D                  jb          L$199 
0A98    0A 64                                           .d
0A9A                          L$198:
0A9A    72 69                     jb          0x00000b05 
0A9C    76 65                     jbe         0x00000b03 
0A9E    20 6C 65                  and         byte ptr 0x65[si],ch 
0AA1    74 74                     je          L$214 
0AA3    65 72                                           er
0AA5                          L$199:
0AA5    2E 0D 0A 24                                     DD		     0AA5
				; The label referred to here is an undefined location
L$205
0AA9                          L$200:
0AA9    5A                        pop         dx 
0AAA    0E                        push        cs 
0AAB    1F                        pop         ds 
0AAC    B4 09                     mov         ah,0x09 
0AAE    CD 21                     int         0x21 
0AB0    58                        pop         ax 
0AB1    5A                        pop         dx 
0AB2    1F                        pop         ds 
0AB3    E9 7F FA                  jmp         L$85 
0AB6                          L$201:
0AB6    B8 AC 0D                  mov         ax,0x0dac 
0AB9                          L$202:
0AB9    E8 00 00                  call        allocseg_ 
0ABC    89 46 F2                  mov         word ptr -0xe[bp],ax 
0ABF    83 7E F2 00               cmp         word ptr -0xe[bp],0x0000 
0AC3    75 29                     jne         L$210 
0AC5    1E                        push        ds 
0AC6    52                        push        dx 
0AC7    50                        push        ax 
0AC8    E8 16 00                  call        L$208 
0ACB                          L$203:
0ACB    4D                        dec         bp 
0ACC    65                                              e
0ACD                          L$204:
0ACD    6D                        insw        
0ACE    6F                        outsw       
0ACF    72 79                     jb          L$217 
0AD1    20 61 6C                  and         byte ptr 0x6c[bx+di],ah 
0AD4                          L$205:
0AD4    6C                        insb        
0AD5    6F                        outsw       
0AD6    63 20                     arpl        word ptr [bx+si],sp 
0AD8    65 72 72                  jb          L$218 
0ADB                          L$206:
0ADB    6F                        outsw       
0ADC    72 21                     jb          L$213 
0ADE    0D 0A                                           ..
0AE0                          L$207:
0AE0    24                                              $
0AE1                          L$208:
0AE1    5A                        pop         dx 
0AE2    0E                        push        cs 
0AE3    1F                        pop         ds 
0AE4    B4 09                     mov         ah,0x09 
0AE6    CD 21                     int         0x21 
0AE8    58                        pop         ax 
0AE9    5A                        pop         dx 
0AEA    1F                        pop         ds 
0AEB    E9                                              .
0AEC    47 FA 06 51                                     DD	L$85
0AED                          L$209:
0AED    FA                        cli         
0AEE                          L$210:
0AEE    06                        push        es 
0AEF    51                        push        cx 
0AF0    56                        push        si 
0AF1    57                        push        di 
0AF2    9C                        pushf       
0AF3    B9                                              .
0AF4                          L$211:
0AF4    AC                        lodsb       
0AF5    0D 33 F6                  or          ax,0xf633 
0AF8    33 FF                     xor         di,di 
0AFA    FC                        cld         
0AFB    8E 86                                           ..
0AFD                          L$212:
0AFD    F2 FF                                           ..
0AFF                          L$213:
0AFF    F3 A4                     rep movsb   
0B01    9D                        popf        
0B02    5F                        pop         di 
0B03    5E                        pop         si 
0B04    59                        pop         cx 
0B05    58                        pop         ax 
0B06    06                        push        es 
0B07    06                        push        es 
0B08    1F                        pop         ds 
0B09    17                        pop         ss 
0B0A    50                        push        ax 
0B0B    07                        pop         es 
0B0C    E8 00 00                  call        updatetsrds_ 
0B0F    85 C0                     test        ax,ax 
0B11    74 34                     je          L$216 
0B13    1E                        push        ds 
0B14    52                        push        dx 
0B15    50                        push        ax 
0B16    E8                                              .
0B17                          L$214:
0B17    1B 00 44 53                                     DD		     0B17
				; The label referred to here is an undefined location
L$215
0B1B    2F                        das         
0B1C    53                        push        bx 
0B1D    53                        push        bx 
0B1E    20 72 65                  and         byte ptr 0x65[bp+si],dh 
0B21    6C                        insb        
0B22    6F                        outsw       
0B23    63 61 74                  arpl        word ptr 0x74[bx+di],sp 
0B26    69 6F 6E 20 66            imul        bp,word ptr 0x6e[bx],0x6620 
0B2B    61                        popa        
0B2C    69 6C 65 64 2E            imul        bp,word ptr 0x65[si],0x2e64 
0B31    0D 0A 24                  or          ax,0x240a 
0B34                          L$215:
0B34    5A                        pop         dx 
0B35    0E                        push        cs 
0B36    1F                        pop         ds 
0B37    B4 09                     mov         ah,0x09 
0B39    CD 21                     int         0x21 
0B3B    58                        pop         ax 
0B3C    5A                        pop         dx 
0B3D    1F                        pop         ds 
0B3E    8B 46 F2                  mov         ax,word ptr -0xe[bp] 
0B41    E8 00 00                  call        freeseg_ 
0B44    E9 EE F9                  jmp         L$85 
0B47                          L$216:
0B47    E8 00 00                  call        getsda_ 
0B4A                          L$217:
0B4A    A3 00 00                  mov         word ptr _glob_sdaptr,ax 
0B4D                          L$218:
0B4D    89 16 02 00               mov         word ptr _glob_sdaptr+0x2,dx 
0B51    E8 00 00                  call        pm_irq_detect_ 
0B54    84 C0                     test        al,al 
0B56    75 32                     jne         L$220 
0B58    1E                        push        ds 
0B59    52                        push        dx 
0B5A    50                        push        ax 
0B5B    E8 1F 00                  call        L$219 
0B5E    50                        push        ax 
0B5F    4D                        dec         bp 
0B60    44                        inc         sp 
0B61    46                        inc         si 
0B62    53                        push        bx 
0B63    3A 20                     cmp         ah,byte ptr [bx+si] 
0B65    50                        push        ax 
0B66    69 63 6F 4D 45            imul        sp,word ptr 0x6f[bp+di],0x454d 
0B6B    4D                        dec         bp 
0B6C    20 6E 6F                  and         byte ptr 0x6f[bp],ch 
0B6F    74 20                     je          L$221 
0B71    64 65 74 65               je          L$225 
0B75    63 74 65                  arpl        word ptr 0x65[si],si 
0B78    64 2E 0D 0A 24            or          ax,0x240a 
0B7D                          L$219:
0B7D    5A                        pop         dx 
0B7E    0E                        push        cs 
0B7F    1F                        pop         ds 
0B80    B4 09                     mov         ah,0x09 
0B82    CD 21                     int         0x21 
0B84    58                        pop         ax 
0B85    5A                        pop         dx 
0B86    1F                        pop         ds 
0B87    E9 AB F9                  jmp         L$85 
0B8A                          L$220:
0B8A    E8 00 00                  call        pm_dfs_detect_ 
0B8D    84 C0                     test        al,al 
0B8F    75 3E                     jne         L$223 
0B91                          L$221:
0B91    1E                        push        ds 
0B92    52                        push        dx 
0B93    50                        push        ax 
0B94    E8 2B 00                  call        L$222 
0B97    50                        push        ax 
0B98    4D                        dec         bp 
0B99    44                        inc         sp 
0B9A    46                        inc         si 
0B9B    53                        push        bx 
0B9C    3A 20                     cmp         ah,byte ptr [bx+si] 
0B9E    54                        push        sp 
0B9F    68 65 20                  push        0x2065 
0BA2    50                        push        ax 
0BA3    69 63 6F 4D 45            imul        sp,word ptr 0x6f[bp+di],0x454d 
0BA8    4D                        dec         bp 
0BA9    20 64 6F                  and         byte ptr 0x6f[si],ah 
0BAC    65 73 20                  jae         L$223 
0BAF    6E                        outsb       
0BB0    6F                        outsw       
0BB1    74 20                     je          L$224 
0BB3    73 75                     jae         L$230 
0BB5    70 70                     jo          L$229 
0BB7    6F                        outsw       
0BB8    72 74                     jb          L$231 
0BBA    20 44 46                  and         byte ptr 0x46[si],al 
0BBD    53                        push        bx 
0BBE    2E 0D 0A 24               or          ax,0x240a 
0BC2                          L$222:
0BC2    5A                        pop         dx 
0BC3    0E                        push        cs 
0BC4    1F                        pop         ds 
0BC5    B4 09                     mov         ah,0x09 
0BC7    CD 21                     int         0x21 
0BC9    58                        pop         ax 
0BCA    5A                        pop         dx 
0BCB    1F                        pop         ds 
0BCC    E9 66 F9                  jmp         L$85 
0BCF                          L$223:
0BCF    8B 16 00 00               mov         dx,word ptr _DFS_Buff_Offs 
0BD3                          L$224:
0BD3    A1 00 00                  mov         ax,word ptr _BIOS_Segment 
0BD6    89 16 00 00               mov         word ptr _pm_dfs_buffer,dx 
0BDA                          L$225:
0BDA    A3 02 00                  mov         word ptr _pm_dfs_buffer+0x2,ax 
0BDD    C7 46 FA 00 00            mov         word ptr -0x6[bp],0x0000 
0BE2    EB 09                     jmp         L$227 
0BE4                          L$226:
0BE4    FF 46 FA                  inc         word ptr -0x6[bp] 
0BE7    83 7E FA 1A               cmp         word ptr -0x6[bp],0x001a 
0BEB    7D 2E                     jge         L$228 
0BED                          L$227:
0BED    8B 5E FA                  mov         bx,word ptr -0x6[bp] 
0BF0    80 BF 09 00 FF            cmp         byte ptr _glob_data+0x9[bx],0xff 
0BF5    74 ED                     je          L$226 
0BF7    89 D8                     mov         ax,bx 
0BF9    E8 00 00                  call        getcds_ 
0BFC    89 C3                     mov         bx,ax 
0BFE    8E C2                     mov         es,dx 
0C00    26 C7 47 43 00 C0         mov         word ptr es:0x43[bx],0xc000 
0C06    8A 46 FA                  mov         al,byte ptr -0x6[bp] 
0C09    04 41                     add         al,0x41 
0C0B    26 88 07                  mov         byte ptr es:[bx],al 
0C0E    26 C7 47 01 3A 5C         mov         word ptr es:0x1[bx],0x5c3a 
0C14    26 C6 47 03 00            mov         byte ptr es:0x3[bx],0x00 
0C19    EB C9                     jmp         L$226 
0C1B                          L$228:
0C1B    F6 46 EC 01               test        byte ptr -0x14[bp],0x01 
0C1F    75 2E                     jne         L$233 
0C21    1E                        push        ds 
0C22    52                        push        dx 
0C23    50                        push        ax 
0C24    E8 17 00                  call        L$232 
0C27                          L$229:
0C27    50                        push        ax 
0C28    4D                        dec         bp 
0C29    44                        inc         sp 
0C2A                          L$230:
0C2A    46                        inc         si 
0C2B    53                        push        bx 
0C2C    20 76                                            v
0C2E                          L$231:
0C2E    30 2E 38 2E               xor         byte ptr 0x38,ch 
0C32    32 20 69 6E                                     DD	ds:[0x2032]
0C36    73 74                     jae         0x00000cac 
0C38    61                        popa        
0C39    6C                        insb        
0C3A    6C                        insb        
0C3B    65 64 24                                        ed$
0C3E                          L$232:
0C3E    5A                        pop         dx 
0C3F    0E                        push        cs 
0C40    1F                        pop         ds 
0C41    B4 09                     mov         ah,0x09 
0C43    CD 21                     int         0x21 
0C45    58                        pop         ax 
0C46    5A                        pop         dx 
0C47    1F                        pop         ds 
0C48    C7 46 FA 00 00            mov         word ptr -0x6[bp],0x0000 
0C4D    EB 0B                     jmp         L$235 
0C4F                          L$233:
0C4F    EB 52                     jmp         L$236 
0C51                          L$234:
0C51    FF 46 FA                  inc         word ptr -0x6[bp] 
0C54    83 7E FA 1A               cmp         word ptr -0x6[bp],0x001a 
0C58    7D 49                     jge         L$236 
0C5A                          L$235:
0C5A    8B 5E FA                  mov         bx,word ptr -0x6[bp] 
0C5D    80 BF 09 00 FF            cmp         byte ptr _glob_data+0x9[bx],0xff 
0C62    74 ED                     je          L$234 
0C64    C6 46 D2 20               mov         byte ptr -0x2e[bp],0x20 
0C68    8A 46 FA                  mov         al,byte ptr -0x6[bp] 
0C6B    04 41                     add         al,0x41 
0C6D    88 46 D3                  mov         byte ptr -0x2d[bp],al 
0C70    C7 46 D4 3A 20            mov         word ptr -0x2c[bp],0x203a 
0C75    C7 46 D6 2D 3E            mov         word ptr -0x2a[bp],0x3e2d 
0C7A    C7 46 D8 20 5B            mov         word ptr -0x28[bp],0x5b20 
0C7F    8A 87 09 00               mov         al,byte ptr _glob_data+0x9[bx] 
0C83    04 41                     add         al,0x41 
0C85    88 46 DA                  mov         byte ptr -0x26[bp],al 
0C88    C7 46 DB 3A 5D            mov         word ptr -0x25[bp],0x5d3a 
0C8D    C7 46 DD 20 6F            mov         word ptr -0x23[bp],0x6f20 
0C92    C7 46 DF 6E 20            mov         word ptr -0x21[bp],0x206e 
0C97    C6 46 E1 24               mov         byte ptr -0x1f[bp],0x24 
0C9B    8D 46 D2                  lea         ax,-0x2e[bp] 
0C9E    E8 00 00                  call        outmsg_ 
0CA1    EB AE                     jmp         L$234 
0CA3                          L$236:
0CA3    B4 62                     mov         ah,0x62 
0CA5    CD 21                     int         0x21 
0CA7    89 1E 04 00               mov         word ptr _glob_data+0x4,bx 
0CAB    8E 06 04 00               mov         es,word ptr _glob_data+0x4 
0CAF    26 8E 06 2C 00            mov         es,word ptr es:[0x2c] 
0CB4    B4 49                     mov         ah,0x49 
0CB6    CD 21                     int         0x21 
0CB8    FA                        cli         
0CB9    B8 2F 25                  mov         ax,0x252f 
0CBC    1E                        push        ds 
0CBD    52                        push        dx 
0CBE    0E                        push        cs 
0CBF    1F                        pop         ds 
0CC0    BA 00 00                  mov         dx,offset inthandler_ 
0CC3    CD 21                     int         0x21 
0CC5    5A                        pop         dx 
0CC6    1F                        pop         ds 
0CC7    FB                        sti         
0CC8    B8 00 31                  mov         ax,0x3100 
0CCB    BA 00 00                  mov         dx,offset begtextend_ 
0CCE    81 C2 00 01               add         dx,0x0100 
0CD2    83 C2 0F                  add         dx,0x000f 
0CD5    D1 EA                     shr         dx,0x01 
0CD7    D1 EA                     shr         dx,0x01 
0CD9    D1 EA                     shr         dx,0x01 
0CDB    D1 EA                     shr         dx,0x01 
0CDD    CD 21                     int         0x21 
0CDF                          L$237:
0CDF    31 C0                     xor         ax,ax 
0CE1    E9 49 F3                  jmp         L$5 

Routine Size: 2468 bytes,    Routine Base: _TEXT + 0340

No disassembly errors

Segment: BEGTEXT BYTE USE16 00000D96 bytes
0000                          pm_wait_cmd_end_:
0000    52                        push        dx 
0001                          L$238:
0001    A1 00 00                  mov         ax,word ptr _PM_Base 
0004    E8 00 00                  call        inp_ 
0007    3C 01                     cmp         al,0x01 
0009    72 0A                     jb          L$239 
000B    76 F4                     jbe         L$238 
000D    3C 03                     cmp         al,0x03 
000F    76 0C                     jbe         L$240 
0011    3C 05                     cmp         al,0x05 
0013    EB 12                     jmp         L$241 
0015                          L$239:
0015    84 C0                     test        al,al 
0017    75 0E                     jne         L$241 
0019    B0 01                     mov         al,0x01 
001B    5A                        pop         dx 
001C    C3                        ret         
001D                          L$240:
001D    A1 00 00                  mov         ax,word ptr _PM_Base 
0020    31 D2                     xor         dx,dx 
0022    E8 00 00                  call        outp_ 
0025    EB DA                     jmp         L$238 
0027                          L$241:
0027    30 C0                     xor         al,al 
0029    5A                        pop         dx 
002A    C3                        ret         

Routine Size: 43 bytes,    Routine Base: BEGTEXT + 0000

002B                          pm_io_cmd_:
002B    53                        push        bx 
002C    88 C3                     mov         bl,al 
002E    E8 00 00                  call        pm_wait_cmd_end_ 
0031    84 C0                     test        al,al 
0033    74 1D                     je          L$242 
0035    A1 00 00                  mov         ax,word ptr _PM_Base 
0038    40                        inc         ax 
0039    E8 00 00                  call        outpw_ 
003C    88 DA                     mov         dl,bl 
003E    30 F6                     xor         dh,dh 
0040    A1 00 00                  mov         ax,word ptr _PM_Base 
0043    E8 00 00                  call        outp_ 
0046    E8 00 00                  call        pm_wait_cmd_end_ 
0049    A1 00 00                  mov         ax,word ptr _PM_Base 
004C    40                        inc         ax 
004D    E8 00 00                  call        inpw_ 
0050    5B                        pop         bx 
0051    C3                        ret         
0052                          L$242:
0052    30 E4                     xor         ah,ah 
0054    5B                        pop         bx 
0055    C3                        ret         

Routine Size: 43 bytes,    Routine Base: BEGTEXT + 002B

0056                          pm_dfs_detect_:
0056    53                        push        bx 
0057    51                        push        cx 
0058    52                        push        dx 
0059    56                        push        si 
005A    57                        push        di 
005B    55                        push        bp 
005C    89 E5                     mov         bp,sp 
005E    50                        push        ax 
005F    B8 04 60                  mov         ax,0x6004 
0062    BA 34 12                  mov         dx,0x1234 
0065    BB FF FF                  mov         bx,0xffff 
0068    CD 13                     int         0x13 
006A    83 FB FF                  cmp         bx,0xffff 
006D    74 07                     je          L$243 
006F    89 1E 00 00               mov         word ptr _DFS_Buff_Offs,bx 
0073    E9 02 00                  jmp         L$244 
0076                          L$243:
0076    B0 00                     mov         al,0x00 
0078                          L$244:
0078    88 86 FE FF               mov         byte ptr -0x2[bp],al 
007C                          L$245:
007C    8A 46 FE                  mov         al,byte ptr -0x2[bp] 
007F                          L$246:
007F    89 EC                     mov         sp,bp 
0081    5D                        pop         bp 
0082    5F                        pop         di 
0083    5E                        pop         si 
0084    5A                        pop         dx 
0085    59                        pop         cx 
0086                          L$247:
0086    5B                        pop         bx 
0087    C3                        ret         

Routine Size: 50 bytes,    Routine Base: BEGTEXT + 0056

0088                          pm_irq_detect_:
0088    53                        push        bx 
0089    51                        push        cx 
008A    52                        push        dx 
008B    56                        push        si 
008C    57                        push        di 
008D    55                        push        bp 
008E    89 E5                     mov         bp,sp 
0090    50                        push        ax 
0091    B8 00 60                  mov         ax,0x6000 
0094    BA 34 12                  mov         dx,0x1234 
0097    CD 13                     int         0x13 
0099    81 FA 55 AA               cmp         dx,0xaa55 
009D    75 0C                     jne         L$248 
009F    A3 00 00                  mov         word ptr _PM_Base,ax 
00A2    89 1E 00 00               mov         word ptr _BIOS_Segment,bx 
00A6    B0 01                     mov         al,0x01 
00A8    E9 02 00                  jmp         L$249 
00AB                          L$248:
00AB    B0 00                     mov         al,0x00 
00AD                          L$249:
00AD    88 86 FE FF               mov         byte ptr -0x2[bp],al 
00B1    EB C9                     jmp         L$245 
00B3                          copybytes_:
00B3    56                        push        si 
00B4    55                        push        bp 
00B5    89 E5                     mov         bp,sp 
00B7    89 C6                     mov         si,ax 
00B9                          L$250:
00B9    83 7E 06 00               cmp         word ptr 0x6[bp],0x0000 
00BD    74 11                     je          L$251 
00BF    8E C1                     mov         es,cx 
00C1    26 8A 07                  mov         al,byte ptr es:[bx] 
00C4    8E C2                     mov         es,dx 
00C6    26 88 04                  mov         byte ptr es:[si],al 
00C9    FF 4E 06                  dec         word ptr 0x6[bp] 
00CC    46                        inc         si 
00CD    43                        inc         bx 
00CE    EB E9                     jmp         L$250 
00D0                          L$251:
00D0    5D                        pop         bp 
00D1    5E                        pop         si 
00D2    C2 02 00                  ret         0x0002 
00D5                          mystrlen_:
00D5    53                        push        bx 
00D6    89 C3                     mov         bx,ax 
00D8    8E C2                     mov         es,dx 
00DA    31 C0                     xor         ax,ax 
00DC                          L$252:
00DC    26 80 3F 00               cmp         byte ptr es:[bx],0x00 
00E0    74 A4                     je          L$247 
00E2    40                        inc         ax 
00E3    43                        inc         bx 
00E4    EB F6                     jmp         L$252 
00E6                          len_if_no_wildcards_:
00E6    53                        push        bx 
00E7    89 C3                     mov         bx,ax 
00E9    8E C2                     mov         es,dx 
00EB    31 D2                     xor         dx,dx 
00ED                          L$253:
00ED    26 8A 07                  mov         al,byte ptr es:[bx] 
00F0    3C 3F                     cmp         al,0x3f 
00F2    74 0C                     je          L$254 
00F4    3C 2A                     cmp         al,0x2a 
00F6    74 08                     je          L$254 
00F8    84 C0                     test        al,al 
00FA    75 09                     jne         L$255 
00FC    89 D0                     mov         ax,dx 
00FE    5B                        pop         bx 
00FF    C3                        ret         
0100                          L$254:
0100    B8 FF FF                  mov         ax,0xffff 
0103    5B                        pop         bx 
0104    C3                        ret         
0105                          L$255:
0105    42                        inc         dx 
0106    43                        inc         bx 
0107    EB E4                     jmp         L$253 
0109                          sendquery_:
0109    55                        push        bp 
010A    89 E5                     mov         bp,sp 
010C    88 C4                     mov         ah,al 
010E    88 D0                     mov         al,dl 
0110    89 DA                     mov         dx,bx 
0112    88 C3                     mov         bl,al 
0114    30 FF                     xor         bh,bh 
0116    8A 87 09 00               mov         al,byte ptr _glob_data+0x9[bx] 
011A    C4 1E 00 00               les         bx,dword ptr _pm_dfs_buffer 
011E    83 C2 3C                  add         dx,0x003c 
0121    26 89 57 34               mov         word ptr es:0x34[bx],dx 
0125    C4 1E 00 00               les         bx,dword ptr _pm_dfs_buffer 
0129    26 88 47 3A               mov         byte ptr es:0x3a[bx],al 
012D    C4 1E 00 00               les         bx,dword ptr _pm_dfs_buffer 
0131    26 88 67 3B               mov         byte ptr es:0x3b[bx],ah 
0135    B8 89 00                  mov         ax,0x0089 
0138    E8 00 00                  call        pm_io_cmd_ 
013B    E8 00 00                  call        pm_wait_cmd_end_ 
013E    C4 1E 00 00               les         bx,dword ptr _pm_dfs_buffer 
0142    26 8B 47 3A               mov         ax,word ptr es:0x3a[bx] 
0146    C4 5E 04                  les         bx,dword ptr 0x4[bp] 
0149    26 89 07                  mov         word ptr es:[bx],ax 
014C    C4 1E 00 00               les         bx,dword ptr _pm_dfs_buffer 
0150    26 8B 47 34               mov         ax,word ptr es:0x34[bx] 
0154    3D FF FF                  cmp         ax,0xffff 
0157    74 03                     je          L$256 
0159    2D 3C 00                  sub         ax,0x003c 
015C                          L$256:
015C    5D                        pop         bp 
015D    C2 04 00                  ret         0x0004 
0160                          L$257:
0160    2E 2D 21 1C 1B 17 16 13 11 0F 0E 0C 0B 0A 09 08 .-!.............
0170    07 06 05 03 01                                  .....
0175                          L$258:
0175    7F 00                                           DW	offset L$246
0177    EA 01                                           DW	offset L$259
0179    34 02                                           DW	offset L$262
017B    A3 02                                           DW	offset L$268
017D    FE 02                                           DW	offset L$270
017F    7F 00                                           DW	offset L$246
0181    3E 03                                           DW	offset L$274
0183    2B 04                                           DW	offset L$285
0185    32 05                                           DW	offset L$300
0187    BF 04                                           DW	offset L$290
0189    A2 05                                           DW	offset L$302
018B    DF 05                                           DW	offset L$306
018D    37 06                                           DW	offset L$307
018F    B7 06                                           DW	offset L$312
0191    71 07                                           DW	offset L$318
0193    C8 07                                           DW	offset L$323
0195    C8 07                                           DW	offset L$323
0197    EC 08                                           DW	offset L$328
0199    EC 08                                           DW	offset L$328
019B    D7 0A                                           DW	offset L$340
019D    36 0B                                           DW	offset L$344
019F    C8 07                                           DW	offset L$323

Routine Size: 281 bytes,    Routine Base: BEGTEXT + 0088

01A1                          process2f_:
01A1    53                        push        bx 
01A2    51                        push        cx 
01A3    52                        push        dx 
01A4    56                        push        si 
01A5    57                        push        di 
01A6    55                        push        bp 
01A7    89 E5                     mov         bp,sp 
01A9    83 EC 22                  sub         sp,0x0022 
01AC    8B 36 00 00               mov         si,word ptr _pm_dfs_buffer 
01B0    A1 02 00                  mov         ax,word ptr _pm_dfs_buffer+0x2 
01B3    89 46 F0                  mov         word ptr -0x10[bp],ax 
01B6    89 46 FA                  mov         word ptr -0x6[bp],ax 
01B9    83 C6 3C                  add         si,0x003c 
01BC    89 76 F8                  mov         word ptr -0x8[bp],si 
01BF    89 46 E4                  mov         word ptr -0x1c[bp],ax 
01C2    A0 16 00                  mov         al,byte ptr _glob_intregs+0x16 
01C5    88 46 FE                  mov         byte ptr -0x2[bp],al 
01C8    31 C0                     xor         ax,ax 
01CA    A3 16 00                  mov         word ptr _glob_intregs+0x16,ax 
01CD    80 26 1C 00 FE            and         byte ptr _glob_intregs+0x1c,0xfe 
01D2    8A 46 FE                  mov         al,byte ptr -0x2[bp] 
01D5    0E                        push        cs 
01D6    07                        pop         es 
01D7    B9 16 00                  mov         cx,0x0016 
01DA    BF 60 01                  mov         di,offset L$257 
01DD    F2 AE                     repne scasb 
01DF    D1 E1                     shl         cx,0x01 
01E1    89 CF                     mov         di,cx 
01E3    2E 8B 85 75 01            mov         ax,word ptr cs:L$258[di] 
01E8    FF E0                     jmp         ax 
01EA                          L$259:
01EA    C7 46 FC 00 00            mov         word ptr -0x4[bp],0x0000 
01EF                          L$260:
01EF    8B 1E 00 00               mov         bx,word ptr _glob_sdaptr 
01F3    A1 02 00                  mov         ax,word ptr _glob_sdaptr+0x2 
01F6    89 C1                     mov         cx,ax 
01F8    8B 7E FC                  mov         di,word ptr -0x4[bp] 
01FB    01 DF                     add         di,bx 
01FD    8E C0                     mov         es,ax 
01FF    26 80 BD 92 00 00         cmp         byte ptr es:0x92[di],0x00 
0205    74 24                     je          L$261 
0207    26 8B 97 6C 02            mov         dx,word ptr es:0x26c[bx] 
020C    26 8B 87 6E 02            mov         ax,word ptr es:0x26e[bx] 
0211    89 46 E0                  mov         word ptr -0x20[bp],ax 
0214    8B 5E FC                  mov         bx,word ptr -0x4[bp] 
0217    01 D3                     add         bx,dx 
0219    26 8A 85 92 00            mov         al,byte ptr es:0x92[di] 
021E    8E 46 E0                  mov         es,word ptr -0x20[bp] 
0221    26 3A 07                  cmp         al,byte ptr es:[bx] 
0224    75 0E                     jne         L$262 
0226    FF 46 FC                  inc         word ptr -0x4[bp] 
0229    EB C4                     jmp         L$260 
022B                          L$261:
022B    C7 06 16 00 10 00         mov         word ptr _glob_intregs+0x16,0x0010 
0231    E9 A4 02                  jmp         L$294 
0234                          L$262:
0234    A1 00 00                  mov         ax,word ptr _glob_sdaptr 
0237    8B 16 02 00               mov         dx,word ptr _glob_sdaptr+0x2 
023B    05 92 00                  add         ax,0x0092 
023E    E8 00 00                  call        mystrlen_ 
0241    3D 02 00                  cmp         ax,0x0002 
0244    7D 09                     jge         L$264 
0246                          L$263:
0246    C7 06 16 00 03 00         mov         word ptr _glob_intregs+0x16,0x0003 
024C    E9 89 02                  jmp         L$294 
024F                          L$264:
024F    48                        dec         ax 
0250    48                        dec         ax 
0251    89 46 FC                  mov         word ptr -0x4[bp],ax 
0254    50                        push        ax 
0255    8B 1E 00 00               mov         bx,word ptr _glob_sdaptr 
0259    8B 0E 02 00               mov         cx,word ptr _glob_sdaptr+0x2 
025D    81 C3 94 00               add         bx,0x0094 
0261    89 F0                     mov         ax,si 
0263    8B 56 FA                  mov         dx,word ptr -0x6[bp] 
0266    E8 00 00                  call        copybytes_ 
0269    8D 56 DE                  lea         dx,-0x22[bp] 
026C    1E                        push        ds 
026D    52                        push        dx 
026E    8A 16 00 00               mov         dl,byte ptr _glob_reqdrv 
0272    30 F6                     xor         dh,dh 
0274    8A 46 FE                  mov         al,byte ptr -0x2[bp] 
0277    30 E4                     xor         ah,ah 
0279    8B 5E FC                  mov         bx,word ptr -0x4[bp] 
027C    E8 00 00                  call        sendquery_ 
027F    8B 16 1C 00               mov         dx,word ptr _glob_intregs+0x1c 
0283    80 CA 01                  or          dl,0x01 
0286    85 C0                     test        ax,ax 
0288    75 10                     jne         L$267 
028A    8B 46 DE                  mov         ax,word ptr -0x22[bp] 
028D    A3 16 00                  mov         word ptr _glob_intregs+0x16,ax 
0290    85 C0                     test        ax,ax 
0292    75 03                     jne         L$266 
0294                          L$265:
0294    E9 E8 FD                  jmp         L$246 
0297                          L$266:
0297    E9 41 01                  jmp         L$282 
029A                          L$267:
029A    C7 06 16 00 02 00         mov         word ptr _glob_intregs+0x16,0x0002 
02A0    E9 38 01                  jmp         L$282 
02A3                          L$268:
02A3    A1 00 00                  mov         ax,word ptr _glob_sdaptr 
02A6    8B 16 02 00               mov         dx,word ptr _glob_sdaptr+0x2 
02AA    05 92 00                  add         ax,0x0092 
02AD    E8 00 00                  call        mystrlen_ 
02B0    89 46 FC                  mov         word ptr -0x4[bp],ax 
02B3    3D 02 00                  cmp         ax,0x0002 
02B6    7C 8E                     jl          L$263 
02B8    83 6E FC 02               sub         word ptr -0x4[bp],0x0002 
02BC    FF 76 FC                  push        word ptr -0x4[bp] 
02BF    8B 1E 00 00               mov         bx,word ptr _glob_sdaptr 
02C3    8B 0E 02 00               mov         cx,word ptr _glob_sdaptr+0x2 
02C7    81 C3 94 00               add         bx,0x0094 
02CB    89 F0                     mov         ax,si 
02CD    8B 56 FA                  mov         dx,word ptr -0x6[bp] 
02D0    E8 00 00                  call        copybytes_ 
02D3    8D 56 DE                  lea         dx,-0x22[bp] 
02D6    1E                        push        ds 
02D7    52                        push        dx 
02D8    8B 5E FC                  mov         bx,word ptr -0x4[bp] 
02DB    A0 00 00                  mov         al,byte ptr _glob_reqdrv 
02DE    30 E4                     xor         ah,ah 
02E0    B9 05 00                  mov         cx,0x0005 
02E3    89 C2                     mov         dx,ax 
02E5    89 C8                     mov         ax,cx 
02E7    E8 00 00                  call        sendquery_ 
02EA    85 C0                     test        ax,ax 
02EC    74 03                     je          L$269 
02EE    E9 55 FF                  jmp         L$263 
02F1                          L$269:
02F1    8B 46 DE                  mov         ax,word ptr -0x22[bp] 
02F4    A3 16 00                  mov         word ptr _glob_intregs+0x16,ax 
02F7    85 C0                     test        ax,ax 
02F9    74 99                     je          L$265 
02FB    E9 DA 01                  jmp         L$294 
02FE                          L$270:
02FE    8B 3E 08 00               mov         di,word ptr _glob_intregs+0x8 
0302    8E 06 04 00               mov         es,word ptr _glob_intregs+0x4 
0306    26 83 3D 00               cmp         word ptr es:[di],0x0000 
030A    76 03                     jbe         L$271 
030C    26 FF 0D                  dec         word ptr es:[di] 
030F                          L$271:
030F    26 8B 45 0B               mov         ax,word ptr es:0xb[di] 
0313    8E 46 FA                  mov         es,word ptr -0x6[bp] 
0316    26 89 04                  mov         word ptr es:[si],ax 
0319    8D 56 DE                  lea         dx,-0x22[bp] 
031C    1E                        push        ds 
031D    52                        push        dx 
031E    8A 16 00 00               mov         dl,byte ptr _glob_reqdrv 
0322    30 F6                     xor         dh,dh 
0324    BB 02 00                  mov         bx,0x0002 
0327    B8 06 00                  mov         ax,0x0006 
032A    E8 00 00                  call        sendquery_ 
032D    85 C0                     test        ax,ax 
032F    74 03                     je          L$273 
0331                          L$272:
0331    E9 4B FD                  jmp         L$246 
0334                          L$273:
0334    8B 46 DE                  mov         ax,word ptr -0x22[bp] 
0337    85 C0                     test        ax,ax 
0339    74 F6                     je          L$272 
033B    E9 97 01                  jmp         L$293 
033E                          L$274:
033E    8B 3E 08 00               mov         di,word ptr _glob_intregs+0x8 
0342    A1 04 00                  mov         ax,word ptr _glob_intregs+0x4 
0345    89 46 E2                  mov         word ptr -0x1e[bp],ax 
0348    8E C0                     mov         es,ax 
034A    26 F6 45 02 01            test        byte ptr es:0x2[di],0x01 
034F    74 09                     je          L$276 
0351                          L$275:
0351    C7 06 16 00 05 00         mov         word ptr _glob_intregs+0x16,0x0005 
0357    E9 7E 01                  jmp         L$294 
035A                          L$276:
035A    83 3E 14 00 00            cmp         word ptr _glob_intregs+0x14,0x0000 
035F    74 D0                     je          L$272 
0361    C7 46 F4 00 00            mov         word ptr -0xc[bp],0x0000 
0366                          L$277:
0366    A1 14 00                  mov         ax,word ptr _glob_intregs+0x14 
0369    2B 46 F4                  sub         ax,word ptr -0xc[bp] 
036C    3D 00 04                  cmp         ax,0x0400 
036F    73 05                     jae         L$278 
0371    89 46 E6                  mov         word ptr -0x1a[bp],ax 
0374    EB 05                     jmp         L$279 
0376                          L$278:
0376    C7 46 E6 00 04            mov         word ptr -0x1a[bp],0x0400 
037B                          L$279:
037B    31 DB                     xor         bx,bx 
037D    8E 46 E2                  mov         es,word ptr -0x1e[bp] 
0380    26 8B 45 15               mov         ax,word ptr es:0x15[di] 
0384    26 8B 55 17               mov         dx,word ptr es:0x17[di] 
0388    03 46 F4                  add         ax,word ptr -0xc[bp] 
038B    11 DA                     adc         dx,bx 
038D    8E 46 FA                  mov         es,word ptr -0x6[bp] 
0390    26 89 04                  mov         word ptr es:[si],ax 
0393    26 89 54 02               mov         word ptr es:0x2[si],dx 
0397    8E 46 E2                  mov         es,word ptr -0x1e[bp] 
039A    26 8B 45 0B               mov         ax,word ptr es:0xb[di] 
039E    8E 46 FA                  mov         es,word ptr -0x6[bp] 
03A1    26 89 44 04               mov         word ptr es:0x4[si],ax 
03A5    8B 46 E6                  mov         ax,word ptr -0x1a[bp] 
03A8    26 89 44 06               mov         word ptr es:0x6[si],ax 
03AC    8D 56 DE                  lea         dx,-0x22[bp] 
03AF    1E                        push        ds 
03B0    52                        push        dx 
03B1    8A 16 00 00               mov         dl,byte ptr _glob_reqdrv 
03B5    30 F6                     xor         dh,dh 
03B7    BB 08 00                  mov         bx,0x0008 
03BA    89 D8                     mov         ax,bx 
03BC    E8 00 00                  call        sendquery_ 
03BF    89 46 E8                  mov         word ptr -0x18[bp],ax 
03C2    8B 16 1C 00               mov         dx,word ptr _glob_intregs+0x1c 
03C6    80 CA 01                  or          dl,0x01 
03C9    3D FF FF                  cmp         ax,0xffff 
03CC    75 03                     jne         L$280 
03CE    E9 C9 FE                  jmp         L$267 
03D1                          L$280:
03D1    8B 46 DE                  mov         ax,word ptr -0x22[bp] 
03D4    85 C0                     test        ax,ax 
03D6    74 0A                     je          L$283 
03D8                          L$281:
03D8    A3 16 00                  mov         word ptr _glob_intregs+0x16,ax 
03DB                          L$282:
03DB    89 16 1C 00               mov         word ptr _glob_intregs+0x1c,dx 
03DF    E9 9D FC                  jmp         L$246 
03E2                          L$283:
03E2    FF 76 E8                  push        word ptr -0x18[bp] 
03E5    C4 1E 00 00               les         bx,dword ptr _glob_sdaptr 
03E9    26 8B 47 0C               mov         ax,word ptr es:0xc[bx] 
03ED    26 8B 57 0E               mov         dx,word ptr es:0xe[bx] 
03F1    03 46 F4                  add         ax,word ptr -0xc[bp] 
03F4    8B 5E F8                  mov         bx,word ptr -0x8[bp] 
03F7    8B 4E E4                  mov         cx,word ptr -0x1c[bp] 
03FA    E8 00 00                  call        copybytes_ 
03FD    8B 46 E8                  mov         ax,word ptr -0x18[bp] 
0400    01 46 F4                  add         word ptr -0xc[bp],ax 
0403    3B 46 E6                  cmp         ax,word ptr -0x1a[bp] 
0406    7C 0C                     jl          L$284 
0408    8B 46 F4                  mov         ax,word ptr -0xc[bp] 
040B    3B 06 14 00               cmp         ax,word ptr _glob_intregs+0x14 
040F    74 03                     je          L$284 
0411    E9 52 FF                  jmp         L$277 
0414                          L$284:
0414    31 C0                     xor         ax,ax 
0416    8B 56 F4                  mov         dx,word ptr -0xc[bp] 
0419    8E 46 E2                  mov         es,word ptr -0x1e[bp] 
041C    26 01 55 15               add         word ptr es:0x15[di],dx 
0420    26 11 45 17               adc         word ptr es:0x17[di],ax 
0424    89 16 14 00               mov         word ptr _glob_intregs+0x14,dx 
0428    E9 54 FC                  jmp         L$246 
042B                          L$285:
042B    8B 3E 08 00               mov         di,word ptr _glob_intregs+0x8 
042F    A1 04 00                  mov         ax,word ptr _glob_intregs+0x4 
0432    89 46 F6                  mov         word ptr -0xa[bp],ax 
0435    C7 46 EC 00 00            mov         word ptr -0x14[bp],0x0000 
043A    8E C0                     mov         es,ax 
043C    26 F6 45 02 03            test        byte ptr es:0x2[di],0x03 
0441    75 03                     jne         L$286 
0443    E9 0B FF                  jmp         L$275 
0446                          L$286:
0446    A1 14 00                  mov         ax,word ptr _glob_intregs+0x14 
0449    89 46 EE                  mov         word ptr -0x12[bp],ax 
044C                          L$287:
044C    8B 46 EE                  mov         ax,word ptr -0x12[bp] 
044F    85 C0                     test        ax,ax 
0451    77 03                     ja          L$288 
0453    E9 29 FC                  jmp         L$246 
0456                          L$288:
0456    89 46 EA                  mov         word ptr -0x16[bp],ax 
0459    3D FA 03                  cmp         ax,0x03fa 
045C    76 05                     jbe         L$289 
045E    C7 46 EA FA 03            mov         word ptr -0x16[bp],0x03fa 
0463                          L$289:
0463    8E 46 F6                  mov         es,word ptr -0xa[bp] 
0466    26 8B 55 15               mov         dx,word ptr es:0x15[di] 
046A    26 8B 45 17               mov         ax,word ptr es:0x17[di] 
046E    8E 46 FA                  mov         es,word ptr -0x6[bp] 
0471    26 89 14                  mov         word ptr es:[si],dx 
0474    26 89 44 02               mov         word ptr es:0x2[si],ax 
0478    8E 46 F6                  mov         es,word ptr -0xa[bp] 
047B    26 8B 45 0B               mov         ax,word ptr es:0xb[di] 
047F    8E 46 FA                  mov         es,word ptr -0x6[bp] 
0482    26 89 44 04               mov         word ptr es:0x4[si],ax 
0486    FF 76 EA                  push        word ptr -0x16[bp] 
0489    C4 1E 00 00               les         bx,dword ptr _glob_sdaptr 
048D    26 8B 47 0C               mov         ax,word ptr es:0xc[bx] 
0491    26 8B 4F 0E               mov         cx,word ptr es:0xe[bx] 
0495    8B 5E EC                  mov         bx,word ptr -0x14[bp] 
0498    01 C3                     add         bx,ax 
049A    8D 44 06                  lea         ax,0x6[si] 
049D    8B 56 FA                  mov         dx,word ptr -0x6[bp] 
04A0    E8 00 00                  call        copybytes_ 
04A3    8D 56 DE                  lea         dx,-0x22[bp] 
04A6    1E                        push        ds 
04A7    52                        push        dx 
04A8    8B 5E EA                  mov         bx,word ptr -0x16[bp] 
04AB    83 C3 06                  add         bx,0x0006 
04AE    8A 16 00 00               mov         dl,byte ptr _glob_reqdrv 
04B2    30 F6                     xor         dh,dh 
04B4    B8 09 00                  mov         ax,0x0009 
04B7    E8 00 00                  call        sendquery_ 
04BA    3D FF FF                  cmp         ax,0xffff 
04BD    75 08                     jne         L$291 
04BF                          L$290:
04BF    C7 06 16 00 02 00         mov         word ptr _glob_intregs+0x16,0x0002 
04C5    EB 11                     jmp         L$294 
04C7                          L$291:
04C7    83 7E DE 00               cmp         word ptr -0x22[bp],0x0000 
04CB    75 05                     jne         L$292 
04CD    3D 02 00                  cmp         ax,0x0002 
04D0    74 0E                     je          L$295 
04D2                          L$292:
04D2    8B 46 DE                  mov         ax,word ptr -0x22[bp] 
04D5                          L$293:
04D5    A3 16 00                  mov         word ptr _glob_intregs+0x16,ax 
04D8                          L$294:
04D8    80 0E 1C 00 01            or          byte ptr _glob_intregs+0x1c,0x01 
04DD    E9 9F FB                  jmp         L$246 
04E0                          L$295:
04E0    8E 46 E4                  mov         es,word ptr -0x1c[bp] 
04E3    8B 5E F8                  mov         bx,word ptr -0x8[bp] 
04E6    26 8B 07                  mov         ax,word ptr es:[bx] 
04E9    01 46 EC                  add         word ptr -0x14[bp],ax 
04EC    29 46 EE                  sub         word ptr -0x12[bp],ax 
04EF    8B 56 EC                  mov         dx,word ptr -0x14[bp] 
04F2    89 16 14 00               mov         word ptr _glob_intregs+0x14,dx 
04F6    31 D2                     xor         dx,dx 
04F8    8E 46 F6                  mov         es,word ptr -0xa[bp] 
04FB    26 01 45 15               add         word ptr es:0x15[di],ax 
04FF    26 11 55 17               adc         word ptr es:0x17[di],dx 
0503    26 8B 5D 15               mov         bx,word ptr es:0x15[di] 
0507    26 8B 55 17               mov         dx,word ptr es:0x17[di] 
050B    26 3B 55 13               cmp         dx,word ptr es:0x13[di] 
050F    77 08                     ja          L$296 
0511    75 14                     jne         L$297 
0513    26 3B 5D 11               cmp         bx,word ptr es:0x11[di] 
0517    76 0E                     jbe         L$297 
0519                          L$296:
0519    89 DA                     mov         dx,bx 
051B    26 8B 5D 17               mov         bx,word ptr es:0x17[di] 
051F    26 89 55 11               mov         word ptr es:0x11[di],dx 
0523    26 89 5D 13               mov         word ptr es:0x13[di],bx 
0527                          L$297:
0527    3B 46 EA                  cmp         ax,word ptr -0x16[bp] 
052A    74 03                     je          L$299 
052C                          L$298:
052C    E9 50 FB                  jmp         L$246 
052F                          L$299:
052F    E9 1A FF                  jmp         L$287 
0532                          L$300:
0532    8B 1E 08 00               mov         bx,word ptr _glob_intregs+0x8 
0536    8B 16 04 00               mov         dx,word ptr _glob_intregs+0x4 
053A    A1 14 00                  mov         ax,word ptr _glob_intregs+0x14 
053D    8E 46 FA                  mov         es,word ptr -0x6[bp] 
0540    26 89 04                  mov         word ptr es:[si],ax 
0543    8E C2                     mov         es,dx 
0545    26 8B 47 0B               mov         ax,word ptr es:0xb[bx] 
0549    8E 46 FA                  mov         es,word ptr -0x6[bp] 
054C    26 89 44 02               mov         word ptr es:0x2[si],ax 
0550    80 3E 10 00 01            cmp         byte ptr _glob_intregs+0x10,0x01 
0555    76 0B                     jbe         L$301 
0557    C7 06 16 00 02 00         mov         word ptr _glob_intregs+0x16,0x0002 
055D    80 0E 1C 00 01            or          byte ptr _glob_intregs+0x1c,0x01 
0562                          L$301:
0562    B1 03                     mov         cl,0x03 
0564    A1 14 00                  mov         ax,word ptr _glob_intregs+0x14 
0567    D3 E0                     shl         ax,cl 
0569    50                        push        ax 
056A    8B 1E 12 00               mov         bx,word ptr _glob_intregs+0x12 
056E    8B 0E 06 00               mov         cx,word ptr _glob_intregs+0x6 
0572    8D 44 04                  lea         ax,0x4[si] 
0575    8B 56 FA                  mov         dx,word ptr -0x6[bp] 
0578    E8 00 00                  call        copybytes_ 
057B    8D 56 DE                  lea         dx,-0x22[bp] 
057E    1E                        push        ds 
057F    52                        push        dx 
0580    B1 03                     mov         cl,0x03 
0582    8B 1E 14 00               mov         bx,word ptr _glob_intregs+0x14 
0586    D3 E3                     shl         bx,cl 
0588    83 C3 04                  add         bx,0x0004 
058B    8A 16 00 00               mov         dl,byte ptr _glob_reqdrv 
058F    30 F6                     xor         dh,dh 
0591    A0 10 00                  mov         al,byte ptr _glob_intregs+0x10 
0594    04 0A                     add         al,0x0a 
0596    30 E4                     xor         ah,ah 
0598    E8 00 00                  call        sendquery_ 
059B    85 C0                     test        ax,ax 
059D    74 8D                     je          L$298 
059F    E9 1D FF                  jmp         L$290 
05A2                          L$302:
05A2    8D 56 DE                  lea         dx,-0x22[bp] 
05A5    1E                        push        ds 
05A6    52                        push        dx 
05A7    31 DB                     xor         bx,bx 
05A9    8A 16 00 00               mov         dl,byte ptr _glob_reqdrv 
05AD    30 F6                     xor         dh,dh 
05AF    B8 0C 00                  mov         ax,0x000c 
05B2    E8 00 00                  call        sendquery_ 
05B5    3D 06 00                  cmp         ax,0x0006 
05B8    74 03                     je          L$304 
05BA                          L$303:
05BA    E9 02 FF                  jmp         L$290 
05BD                          L$304:
05BD    8B 46 DE                  mov         ax,word ptr -0x22[bp] 
05C0    A3 16 00                  mov         word ptr _glob_intregs+0x16,ax 
05C3    8E 46 E4                  mov         es,word ptr -0x1c[bp] 
05C6    89 F3                     mov         bx,si 
05C8    26 8B 07                  mov         ax,word ptr es:[bx] 
05CB    A3 10 00                  mov         word ptr _glob_intregs+0x10,ax 
05CE    26 8B 47 02               mov         ax,word ptr es:0x2[bx] 
05D2    A3 14 00                  mov         word ptr _glob_intregs+0x14,ax 
05D5    26 8B 47 04               mov         ax,word ptr es:0x4[bx] 
05D9                          L$305:
05D9    A3 12 00                  mov         word ptr _glob_intregs+0x12,ax 
05DC    E9 A0 FA                  jmp         L$246 
05DF                          L$306:
05DF    A1 00 00                  mov         ax,word ptr _glob_sdaptr 
05E2    8B 16 02 00               mov         dx,word ptr _glob_sdaptr+0x2 
05E6    05 92 00                  add         ax,0x0092 
05E9    E8 00 00                  call        mystrlen_ 
05EC    89 46 FC                  mov         word ptr -0x4[bp],ax 
05EF    3D 02 00                  cmp         ax,0x0002 
05F2    7C C6                     jl          L$303 
05F4    A0 00 00                  mov         al,byte ptr _glob_reqstkword 
05F7    8E 46 FA                  mov         es,word ptr -0x6[bp] 
05FA    26 88 04                  mov         byte ptr es:[si],al 
05FD    8B 46 FC                  mov         ax,word ptr -0x4[bp] 
0600    48                        dec         ax 
0601    48                        dec         ax 
0602    50                        push        ax 
0603    8B 1E 00 00               mov         bx,word ptr _glob_sdaptr 
0607    8B 0E 02 00               mov         cx,word ptr _glob_sdaptr+0x2 
060B    81 C3 94 00               add         bx,0x0094 
060F    8C C2                     mov         dx,es 
0611    8D 44 01                  lea         ax,0x1[si] 
0614    E8 00 00                  call        copybytes_ 
0617    8D 56 DE                  lea         dx,-0x22[bp] 
061A    1E                        push        ds 
061B    52                        push        dx 
061C    8B 5E FC                  mov         bx,word ptr -0x4[bp] 
061F    4B                        dec         bx 
0620    A0 00 00                  mov         al,byte ptr _glob_reqdrv 
0623    30 E4                     xor         ah,ah 
0625    89 C2                     mov         dx,ax 
0627    B8 0E 00                  mov         ax,0x000e 
062A    E8 00 00                  call        sendquery_ 
062D    89 46 FC                  mov         word ptr -0x4[bp],ax 
0630    85 C0                     test        ax,ax 
0632    75 86                     jne         L$303 
0634    E9 FD FC                  jmp         L$273 
0637                          L$307:
0637    A1 00 00                  mov         ax,word ptr _glob_sdaptr 
063A    8B 16 02 00               mov         dx,word ptr _glob_sdaptr+0x2 
063E    05 92 00                  add         ax,0x0092 
0641    E8 00 00                  call        mystrlen_ 
0644    3D 02 00                  cmp         ax,0x0002 
0647    7D 03                     jge         L$309 
0649                          L$308:
0649    E9 73 FE                  jmp         L$290 
064C                          L$309:
064C    48                        dec         ax 
064D    48                        dec         ax 
064E    89 46 FC                  mov         word ptr -0x4[bp],ax 
0651    50                        push        ax 
0652    8B 1E 00 00               mov         bx,word ptr _glob_sdaptr 
0656    8B 0E 02 00               mov         cx,word ptr _glob_sdaptr+0x2 
065A    81 C3 94 00               add         bx,0x0094 
065E    89 F0                     mov         ax,si 
0660    8B 56 F0                  mov         dx,word ptr -0x10[bp] 
0663    E8 00 00                  call        copybytes_ 
0666    8D 56 DE                  lea         dx,-0x22[bp] 
0669    1E                        push        ds 
066A    52                        push        dx 
066B    8A 16 00 00               mov         dl,byte ptr _glob_reqdrv 
066F    30 F6                     xor         dh,dh 
0671    8B 5E FC                  mov         bx,word ptr -0x4[bp] 
0674    B8 0F 00                  mov         ax,0x000f 
0677    E8 00 00                  call        sendquery_ 
067A    3D FF FF                  cmp         ax,0xffff 
067D    74 CA                     je          L$308 
067F    3D 09 00                  cmp         ax,0x0009 
0682    74 03                     je          L$311 
0684                          L$310:
0684    E9 4B FE                  jmp         L$292 
0687                          L$311:
0687    83 7E DE 00               cmp         word ptr -0x22[bp],0x0000 
068B    75 F7                     jne         L$310 
068D    8E 46 FA                  mov         es,word ptr -0x6[bp] 
0690    26 8B 04                  mov         ax,word ptr es:[si] 
0693    A3 14 00                  mov         word ptr _glob_intregs+0x14,ax 
0696    26 8B 44 02               mov         ax,word ptr es:0x2[si] 
069A    A3 12 00                  mov         word ptr _glob_intregs+0x12,ax 
069D    26 8B 44 06               mov         ax,word ptr es:0x6[si] 
06A1    A3 10 00                  mov         word ptr _glob_intregs+0x10,ax 
06A4    26 8B 44 04               mov         ax,word ptr es:0x4[si] 
06A8    A3 08 00                  mov         word ptr _glob_intregs+0x8,ax 
06AB    26 8A 44 08               mov         al,byte ptr es:0x8[si] 
06AF    30 E4                     xor         ah,ah 
06B1    A3 16 00                  mov         word ptr _glob_intregs+0x16,ax 
06B4    E9 C8 F9                  jmp         L$246 
06B7                          L$312:
06B7    C4 1E 00 00               les         bx,dword ptr _glob_sdaptr 
06BB    26 8A 87 92 00            mov         al,byte ptr es:0x92[bx] 
06C0    26 3A 87 12 01            cmp         al,byte ptr es:0x112[bx] 
06C5    75 82                     jne         L$308 
06C7    8D 87 92 00               lea         ax,0x92[bx] 
06CB    8C C2                     mov         dx,es 
06CD    E8 00 00                  call        mystrlen_ 
06D0    3D 02 00                  cmp         ax,0x0002 
06D3    7D 03                     jge         L$313 
06D5    E9 E7 FD                  jmp         L$290 
06D8                          L$313:
06D8    48                        dec         ax 
06D9    48                        dec         ax 
06DA    89 46 FC                  mov         word ptr -0x4[bp],ax 
06DD    8A 46 FC                  mov         al,byte ptr -0x4[bp] 
06E0    8E 46 FA                  mov         es,word ptr -0x6[bp] 
06E3    26 88 04                  mov         byte ptr es:[si],al 
06E6    FF 76 FC                  push        word ptr -0x4[bp] 
06E9    8B 1E 00 00               mov         bx,word ptr _glob_sdaptr 
06ED    8B 0E 02 00               mov         cx,word ptr _glob_sdaptr+0x2 
06F1    81 C3 94 00               add         bx,0x0094 
06F5    8D 7C 01                  lea         di,0x1[si] 
06F8    89 F8                     mov         ax,di 
06FA    8B 56 F0                  mov         dx,word ptr -0x10[bp] 
06FD    E8 00 00                  call        copybytes_ 
0700    A1 00 00                  mov         ax,word ptr _glob_sdaptr 
0703    8B 16 02 00               mov         dx,word ptr _glob_sdaptr+0x2 
0707    05 12 01                  add         ax,0x0112 
070A    E8 00 00                  call        len_if_no_wildcards_ 
070D    3D 02 00                  cmp         ax,0x0002 
0710    7D 03                     jge         L$314 
0712    E9 31 FB                  jmp         L$263 
0715                          L$314:
0715    48                        dec         ax 
0716    48                        dec         ax 
0717    89 46 FC                  mov         word ptr -0x4[bp],ax 
071A    50                        push        ax 
071B    8B 1E 00 00               mov         bx,word ptr _glob_sdaptr 
071F    8B 0E 02 00               mov         cx,word ptr _glob_sdaptr+0x2 
0723    81 C3 14 01               add         bx,0x0114 
0727    8E 46 FA                  mov         es,word ptr -0x6[bp] 
072A    26 8A 04                  mov         al,byte ptr es:[si] 
072D    30 E4                     xor         ah,ah 
072F    01 F8                     add         ax,di 
0731    8B 56 F0                  mov         dx,word ptr -0x10[bp] 
0734    E8 00 00                  call        copybytes_ 
0737    8D 56 DE                  lea         dx,-0x22[bp] 
073A    1E                        push        ds 
073B    52                        push        dx 
073C    8E 46 FA                  mov         es,word ptr -0x6[bp] 
073F    26 8A 04                  mov         al,byte ptr es:[si] 
0742    30 E4                     xor         ah,ah 
0744    40                        inc         ax 
0745    8B 5E FC                  mov         bx,word ptr -0x4[bp] 
0748    01 C3                     add         bx,ax 
074A    8A 16 00 00               mov         dl,byte ptr _glob_reqdrv 
074E    30 F6                     xor         dh,dh 
0750    B8 11 00                  mov         ax,0x0011 
0753    E8 00 00                  call        sendquery_ 
0756    8B 16 1C 00               mov         dx,word ptr _glob_intregs+0x1c 
075A    80 CA 01                  or          dl,0x01 
075D    85 C0                     test        ax,ax 
075F    74 03                     je          L$315 
0761    E9 36 FB                  jmp         L$267 
0764                          L$315:
0764    8B 46 DE                  mov         ax,word ptr -0x22[bp] 
0767    85 C0                     test        ax,ax 
0769    75 03                     jne         L$317 
076B                          L$316:
076B    E9 11 F9                  jmp         L$246 
076E                          L$317:
076E    E9 67 FC                  jmp         L$281 
0771                          L$318:
0771    A1 00 00                  mov         ax,word ptr _glob_sdaptr 
0774    8B 16 02 00               mov         dx,word ptr _glob_sdaptr+0x2 
0778    05 92 00                  add         ax,0x0092 
077B    E8 00 00                  call        mystrlen_ 
077E    3D 02 00                  cmp         ax,0x0002 
0781    7D 03                     jge         L$320 
0783                          L$319:
0783    E9 39 FD                  jmp         L$290 
0786                          L$320:
0786    48                        dec         ax 
0787    48                        dec         ax 
0788    89 46 FC                  mov         word ptr -0x4[bp],ax 
078B    50                        push        ax 
078C    8B 1E 00 00               mov         bx,word ptr _glob_sdaptr 
0790    8B 0E 02 00               mov         cx,word ptr _glob_sdaptr+0x2 
0794    81 C3 94 00               add         bx,0x0094 
0798    89 F0                     mov         ax,si 
079A    8B 56 F0                  mov         dx,word ptr -0x10[bp] 
079D    E8 00 00                  call        copybytes_ 
07A0    8D 56 DE                  lea         dx,-0x22[bp] 
07A3    1E                        push        ds 
07A4    52                        push        dx 
07A5    8A 16 00 00               mov         dl,byte ptr _glob_reqdrv 
07A9    30 F6                     xor         dh,dh 
07AB    8B 5E FC                  mov         bx,word ptr -0x4[bp] 
07AE    B8 13 00                  mov         ax,0x0013 
07B1    E8 00 00                  call        sendquery_ 
07B4    3D FF FF                  cmp         ax,0xffff 
07B7    74 CA                     je          L$319 
07B9    85 C0                     test        ax,ax 
07BB    74 03                     je          L$322 
07BD                          L$321:
07BD    E9 12 FD                  jmp         L$292 
07C0                          L$322:
07C0    83 7E DE 00               cmp         word ptr -0x22[bp],0x0000 
07C4    74 A5                     je          L$316 
07C6    EB F5                     jmp         L$321 
07C8                          L$323:
07C8    A1 00 00                  mov         ax,word ptr _glob_sdaptr 
07CB    8B 16 02 00               mov         dx,word ptr _glob_sdaptr+0x2 
07CF    05 92 00                  add         ax,0x0092 
07D2    E8 00 00                  call        len_if_no_wildcards_ 
07D5    3D 02 00                  cmp         ax,0x0002 
07D8    7D 03                     jge         L$324 
07DA    E9 69 FA                  jmp         L$263 
07DD                          L$324:
07DD    8B 16 00 00               mov         dx,word ptr _glob_reqstkword 
07E1    8E 46 FA                  mov         es,word ptr -0x6[bp] 
07E4    26 89 14                  mov         word ptr es:[si],dx 
07E7    48                        dec         ax 
07E8    48                        dec         ax 
07E9    89 46 FC                  mov         word ptr -0x4[bp],ax 
07EC    50                        push        ax 
07ED    8B 1E 00 00               mov         bx,word ptr _glob_sdaptr 
07F1    8B 0E 02 00               mov         cx,word ptr _glob_sdaptr+0x2 
07F5    81 C3 94 00               add         bx,0x0094 
07F9    8D 44 06                  lea         ax,0x6[si] 
07FC    8C C2                     mov         dx,es 
07FE    E8 00 00                  call        copybytes_ 
0801    8D 56 DE                  lea         dx,-0x22[bp] 
0804    1E                        push        ds 
0805    52                        push        dx 
0806    8B 5E FC                  mov         bx,word ptr -0x4[bp] 
0809    83 C3 06                  add         bx,0x0006 
080C    8A 16 00 00               mov         dl,byte ptr _glob_reqdrv 
0810    30 F6                     xor         dh,dh 
0812    8A 46 FE                  mov         al,byte ptr -0x2[bp] 
0815    30 E4                     xor         ah,ah 
0817    E8 00 00                  call        sendquery_ 
081A    3D FF FF                  cmp         ax,0xffff 
081D    75 03                     jne         L$325 
081F    E9 9D FC                  jmp         L$290 
0822                          L$325:
0822    3D 19 00                  cmp         ax,0x0019 
0825    75 96                     jne         L$321 
0827    83 7E DE 00               cmp         word ptr -0x22[bp],0x0000 
082B    75 90                     jne         L$321 
082D    8B 36 08 00               mov         si,word ptr _glob_intregs+0x8 
0831    8B 3E 04 00               mov         di,word ptr _glob_intregs+0x4 
0835    80 7E FE 2E               cmp         byte ptr -0x2[bp],0x2e 
0839    75 09                     jne         L$326 
083B    8B 5E F8                  mov         bx,word ptr -0x8[bp] 
083E    8B 47 16                  mov         ax,word ptr 0x16[bx] 
0841    A3 14 00                  mov         word ptr _glob_intregs+0x14,ax 
0844                          L$326:
0844    8E 46 E4                  mov         es,word ptr -0x1c[bp] 
0847    8B 5E F8                  mov         bx,word ptr -0x8[bp] 
084A    26 8A 07                  mov         al,byte ptr es:[bx] 
084D    8E C7                     mov         es,di 
084F    26 88 44 04               mov         byte ptr es:0x4[si],al 
0853    A0 00 00                  mov         al,byte ptr _glob_reqdrv 
0856    30 E4                     xor         ah,ah 
0858    0D 40 80                  or          ax,0x8040 
085B    26 89 44 05               mov         word ptr es:0x5[si],ax 
085F    26 C7 44 07 00 00         mov         word ptr es:0x7[si],0x0000 
0865    26 C7 44 09 00 00         mov         word ptr es:0x9[si],0x0000 
086B    8E 46 E4                  mov         es,word ptr -0x1c[bp] 
086E    26 8B 47 14               mov         ax,word ptr es:0x14[bx] 
0872    8E C7                     mov         es,di 
0874    26 89 44 0B               mov         word ptr es:0xb[si],ax 
0878    8E 46 E4                  mov         es,word ptr -0x1c[bp] 
087B    26 8B 47 0C               mov         ax,word ptr es:0xc[bx] 
087F    26 8B 57 0E               mov         dx,word ptr es:0xe[bx] 
0883    8E C7                     mov         es,di 
0885    26 89 44 0D               mov         word ptr es:0xd[si],ax 
0889    26 89 54 0F               mov         word ptr es:0xf[si],dx 
088D    8E 46 E4                  mov         es,word ptr -0x1c[bp] 
0890    26 8B 57 10               mov         dx,word ptr es:0x10[bx] 
0894    26 8B 47 12               mov         ax,word ptr es:0x12[bx] 
0898    8E C7                     mov         es,di 
089A    26 89 54 11               mov         word ptr es:0x11[si],dx 
089E    26 89 44 13               mov         word ptr es:0x13[si],ax 
08A2    26 C7 44 15 00 00         mov         word ptr es:0x15[si],0x0000 
08A8    26 C7 44 17 00 00         mov         word ptr es:0x17[si],0x0000 
08AE    26 C6 44 02 00            mov         byte ptr es:0x2[si],0x00 
08B3    8E 46 E4                  mov         es,word ptr -0x1c[bp] 
08B6    26 8A 47 18               mov         al,byte ptr es:0x18[bx] 
08BA    30 E4                     xor         ah,ah 
08BC    8E C7                     mov         es,di 
08BE    26 09 44 02               or          word ptr es:0x2[si],ax 
08C2    26 C7 44 19 FF FF         mov         word ptr es:0x19[si],0xffff 
08C8    26 C7 44 1B FF FF         mov         word ptr es:0x1b[si],0xffff 
08CE    26 C7 44 1D 00 00         mov         word ptr es:0x1d[si],0x0000 
08D4    26 C6 44 1F FF            mov         byte ptr es:0x1f[si],0xff 
08D9    B8 0B 00                  mov         ax,0x000b 
08DC    50                        push        ax 
08DD    43                        inc         bx 
08DE    8D 44 20                  lea         ax,0x20[si] 
08E1    8B 4E E4                  mov         cx,word ptr -0x1c[bp] 
08E4    89 FA                     mov         dx,di 
08E6                          L$327:
08E6    E8 00 00                  call        copybytes_ 
08E9    E9 93 F7                  jmp         L$246 
08EC                          L$328:
08EC    80 7E FE 1B               cmp         byte ptr -0x2[bp],0x1b 
08F0    75 45                     jne         L$331 
08F2    C4 1E 00 00               les         bx,dword ptr _glob_sdaptr 
08F6    26 8B 7F 0C               mov         di,word ptr es:0xc[bx] 
08FA    26 8B 47 0E               mov         ax,word ptr es:0xe[bx] 
08FE    89 46 F2                  mov         word ptr -0xe[bp],ax 
0901    26 8A 87 3A 02            mov         al,byte ptr es:0x23a[bx] 
0906    8E 46 FA                  mov         es,word ptr -0x6[bp] 
0909    26 88 04                  mov         byte ptr es:[si],al 
090C    C7 46 FC 02 00            mov         word ptr -0x4[bp],0x0002 
0911                          L$329:
0911    C4 1E 00 00               les         bx,dword ptr _glob_sdaptr 
0915    03 5E FC                  add         bx,word ptr -0x4[bp] 
0918    26 8A 87 92 00            mov         al,byte ptr es:0x92[bx] 
091D    84 C0                     test        al,al 
091F    74 11                     je          L$330 
0921    8E 46 FA                  mov         es,word ptr -0x6[bp] 
0924    8B 5E FC                  mov         bx,word ptr -0x4[bp] 
0927    01 F3                     add         bx,si 
0929    26 88 47 FF               mov         byte ptr es:-0x1[bx],al 
092D    FF 46 FC                  inc         word ptr -0x4[bp] 
0930    EB DF                     jmp         L$329 
0932                          L$330:
0932    FF 4E FC                  dec         word ptr -0x4[bp] 
0935    EB 61                     jmp         L$333 
0937                          L$331:
0937    8B 1E 08 00               mov         bx,word ptr _glob_intregs+0x8 
093B    8B 16 04 00               mov         dx,word ptr _glob_intregs+0x4 
093F    89 DF                     mov         di,bx 
0941    89 56 F2                  mov         word ptr -0xe[bp],dx 
0944    8E C2                     mov         es,dx 
0946    26 8B 47 0F               mov         ax,word ptr es:0xf[bx] 
094A    8E 46 FA                  mov         es,word ptr -0x6[bp] 
094D    26 89 04                  mov         word ptr es:[si],ax 
0950    8E C2                     mov         es,dx 
0952    26 8B 47 0D               mov         ax,word ptr es:0xd[bx] 
0956    8E 46 FA                  mov         es,word ptr -0x6[bp] 
0959    26 89 44 02               mov         word ptr es:0x2[si],ax 
095D    8E C2                     mov         es,dx 
095F    26 8A 47 0C               mov         al,byte ptr es:0xc[bx] 
0963    8E 46 FA                  mov         es,word ptr -0x6[bp] 
0966    26 88 44 04               mov         byte ptr es:0x4[si],al 
096A    C7 46 FC 00 00            mov         word ptr -0x4[bp],0x0000 
096F    8B 4E FA                  mov         cx,word ptr -0x6[bp] 
0972                          L$332:
0972    8E 46 F2                  mov         es,word ptr -0xe[bp] 
0975    8B 5E FC                  mov         bx,word ptr -0x4[bp] 
0978    01 FB                     add         bx,di 
097A    8B 56 FC                  mov         dx,word ptr -0x4[bp] 
097D    01 F2                     add         dx,si 
097F    26 8A 47 01               mov         al,byte ptr es:0x1[bx] 
0983    8E C1                     mov         es,cx 
0985    89 D3                     mov         bx,dx 
0987    26 88 47 05               mov         byte ptr es:0x5[bx],al 
098B    FF 46 FC                  inc         word ptr -0x4[bp] 
098E    83 7E FC 0B               cmp         word ptr -0x4[bp],0x000b 
0992    7C DE                     jl          L$332 
0994    83 46 FC 05               add         word ptr -0x4[bp],0x0005 
0998                          L$333:
0998    8D 56 DE                  lea         dx,-0x22[bp] 
099B    1E                        push        ds 
099C    52                        push        dx 
099D    8A 16 00 00               mov         dl,byte ptr _glob_reqdrv 
09A1    30 F6                     xor         dh,dh 
09A3    8A 46 FE                  mov         al,byte ptr -0x2[bp] 
09A6    30 E4                     xor         ah,ah 
09A8    8B 5E FC                  mov         bx,word ptr -0x4[bp] 
09AB    E8 00 00                  call        sendquery_ 
09AE    3D FF FF                  cmp         ax,0xffff 
09B1    75 1F                     jne         L$336 
09B3    A1 1C 00                  mov         ax,word ptr _glob_intregs+0x1c 
09B6    0C 01                     or          al,0x01 
09B8    80 7E FE 1B               cmp         byte ptr -0x2[bp],0x1b 
09BC    75 0C                     jne         L$335 
09BE    C7 06 16 00 02 00         mov         word ptr _glob_intregs+0x16,0x0002 
09C4                          L$334:
09C4    A3 1C 00                  mov         word ptr _glob_intregs+0x1c,ax 
09C7    E9 B5 F6                  jmp         L$246 
09CA                          L$335:
09CA    C7 06 16 00 12 00         mov         word ptr _glob_intregs+0x16,0x0012 
09D0    EB F2                     jmp         L$334 
09D2                          L$336:
09D2    83 7E DE 00               cmp         word ptr -0x22[bp],0x0000 
09D6    74 03                     je          L$338 
09D8                          L$337:
09D8    E9 F7 FA                  jmp         L$292 
09DB                          L$338:
09DB    3D 18 00                  cmp         ax,0x0018 
09DE    75 F8                     jne         L$337 
09E0    B8 0B 00                  mov         ax,0x000b 
09E3    50                        push        ax 
09E4    8B 5E F8                  mov         bx,word ptr -0x8[bp] 
09E7    43                        inc         bx 
09E8    A1 00 00                  mov         ax,word ptr _glob_sdaptr 
09EB    8B 16 02 00               mov         dx,word ptr _glob_sdaptr+0x2 
09EF    05 A7 01                  add         ax,0x01a7 
09F2    8B 4E E4                  mov         cx,word ptr -0x1c[bp] 
09F5    E8 00 00                  call        copybytes_ 
09F8    8B 1E 00 00               mov         bx,word ptr _glob_sdaptr 
09FC    8B 16 02 00               mov         dx,word ptr _glob_sdaptr+0x2 
0A00    8E 46 E4                  mov         es,word ptr -0x1c[bp] 
0A03    8B 76 F8                  mov         si,word ptr -0x8[bp] 
0A06    26 8A 04                  mov         al,byte ptr es:[si] 
0A09    8E C2                     mov         es,dx 
0A0B    26 88 87 B2 01            mov         byte ptr es:0x1b2[bx],al 
0A10    8B 1E 00 00               mov         bx,word ptr _glob_sdaptr 
0A14    8B 16 02 00               mov         dx,word ptr _glob_sdaptr+0x2 
0A18    8E 46 E4                  mov         es,word ptr -0x1c[bp] 
0A1B    26 8B 44 0C               mov         ax,word ptr es:0xc[si] 
0A1F    8E C2                     mov         es,dx 
0A21    26 89 87 BD 01            mov         word ptr es:0x1bd[bx],ax 
0A26    8B 1E 00 00               mov         bx,word ptr _glob_sdaptr 
0A2A    8B 16 02 00               mov         dx,word ptr _glob_sdaptr+0x2 
0A2E    8E 46 E4                  mov         es,word ptr -0x1c[bp] 
0A31    26 8B 44 0E               mov         ax,word ptr es:0xe[si] 
0A35    8E C2                     mov         es,dx 
0A37    26 89 87 BF 01            mov         word ptr es:0x1bf[bx],ax 
0A3C    C4 1E 00 00               les         bx,dword ptr _glob_sdaptr 
0A40    26 C7 87 C1 01 00 00      mov         word ptr es:0x1c1[bx],0x0000 
0A47    8B 1E 00 00               mov         bx,word ptr _glob_sdaptr 
0A4B    8B 0E 02 00               mov         cx,word ptr _glob_sdaptr+0x2 
0A4F    8E 46 E4                  mov         es,word ptr -0x1c[bp] 
0A52    26 8B 44 10               mov         ax,word ptr es:0x10[si] 
0A56    26 8B 54 12               mov         dx,word ptr es:0x12[si] 
0A5A    8E C1                     mov         es,cx 
0A5C    26 89 87 C3 01            mov         word ptr es:0x1c3[bx],ax 
0A61    26 89 97 C5 01            mov         word ptr es:0x1c5[bx],dx 
0A66    80 7E FE 1B               cmp         byte ptr -0x2[bp],0x1b 
0A6A    75 33                     jne         L$339 
0A6C    A0 00 00                  mov         al,byte ptr _glob_reqdrv 
0A6F    0C 80                     or          al,0x80 
0A71    8E 46 F2                  mov         es,word ptr -0xe[bp] 
0A74    26 88 05                  mov         byte ptr es:[di],al 
0A77    B8 0B 00                  mov         ax,0x000b 
0A7A    50                        push        ax 
0A7B    8B 1E 00 00               mov         bx,word ptr _glob_sdaptr 
0A7F    8B 0E 02 00               mov         cx,word ptr _glob_sdaptr+0x2 
0A83    81 C3 18 02               add         bx,0x0218 
0A87    8D 45 01                  lea         ax,0x1[di] 
0A8A    8C C2                     mov         dx,es 
0A8C    E8 00 00                  call        copybytes_ 
0A8F    C4 1E 00 00               les         bx,dword ptr _glob_sdaptr 
0A93    26 8A 87 3A 02            mov         al,byte ptr es:0x23a[bx] 
0A98    8E 46 F2                  mov         es,word ptr -0xe[bp] 
0A9B    26 88 45 0C               mov         byte ptr es:0xc[di],al 
0A9F                          L$339:
0A9F    8E 46 E4                  mov         es,word ptr -0x1c[bp] 
0AA2    8B 5E F8                  mov         bx,word ptr -0x8[bp] 
0AA5    26 8B 47 14               mov         ax,word ptr es:0x14[bx] 
0AA9    8E 46 F2                  mov         es,word ptr -0xe[bp] 
0AAC    26 89 45 0F               mov         word ptr es:0xf[di],ax 
0AB0    8E 46 E4                  mov         es,word ptr -0x1c[bp] 
0AB3    26 8B 47 16               mov         ax,word ptr es:0x16[bx] 
0AB7    8E 46 F2                  mov         es,word ptr -0xe[bp] 
0ABA    26 89 45 0D               mov         word ptr es:0xd[di],ax 
0ABE    B8 20 00                  mov         ax,0x0020 
0AC1    50                        push        ax 
0AC2    8B 1E 00 00               mov         bx,word ptr _glob_sdaptr 
0AC6    8B 0E 02 00               mov         cx,word ptr _glob_sdaptr+0x2 
0ACA    81 C3 A7 01               add         bx,0x01a7 
0ACE    8D 85 B9 01               lea         ax,0x1b9[di] 
0AD2    8C C2                     mov         dx,es 
0AD4    E9 0F FE                  jmp         L$327 
0AD7                          L$340:
0AD7    8B 1E 08 00               mov         bx,word ptr _glob_intregs+0x8 
0ADB    8B 16 04 00               mov         dx,word ptr _glob_intregs+0x4 
0ADF    A1 12 00                  mov         ax,word ptr _glob_intregs+0x12 
0AE2    8E 46 FA                  mov         es,word ptr -0x6[bp] 
0AE5    26 89 04                  mov         word ptr es:[si],ax 
0AE8    A1 14 00                  mov         ax,word ptr _glob_intregs+0x14 
0AEB    26 89 44 02               mov         word ptr es:0x2[si],ax 
0AEF    8E C2                     mov         es,dx 
0AF1    26 8B 47 0B               mov         ax,word ptr es:0xb[bx] 
0AF5    8E 46 FA                  mov         es,word ptr -0x6[bp] 
0AF8    26 89 44 04               mov         word ptr es:0x4[si],ax 
0AFC    8D 56 DE                  lea         dx,-0x22[bp] 
0AFF    1E                        push        ds 
0B00    52                        push        dx 
0B01    8A 16 00 00               mov         dl,byte ptr _glob_reqdrv 
0B05    30 F6                     xor         dh,dh 
0B07    BB 06 00                  mov         bx,0x0006 
0B0A    B8 21 00                  mov         ax,0x0021 
0B0D    E8 00 00                  call        sendquery_ 
0B10    3D FF FF                  cmp         ax,0xffff 
0B13    75 03                     jne         L$341 
0B15    E9 A7 F9                  jmp         L$290 
0B18                          L$341:
0B18    83 7E DE 00               cmp         word ptr -0x22[bp],0x0000 
0B1C    74 03                     je          L$343 
0B1E                          L$342:
0B1E    E9 B1 F9                  jmp         L$292 
0B21                          L$343:
0B21    3D 04 00                  cmp         ax,0x0004 
0B24    75 F8                     jne         L$342 
0B26    8E 46 FA                  mov         es,word ptr -0x6[bp] 
0B29    26 8B 04                  mov         ax,word ptr es:[si] 
0B2C    A3 16 00                  mov         word ptr _glob_intregs+0x16,ax 
0B2F    26 8B 44 02               mov         ax,word ptr es:0x2[si] 
0B33    E9 A3 FA                  jmp         L$305 
0B36                          L$344:
0B36    C7 06 16 00 02 00         mov         word ptr _glob_intregs+0x16,0x0002 
0B3C    E9 40 F5                  jmp         L$246 

Routine Size: 2462 bytes,    Routine Base: BEGTEXT + 01A1

0B3F                          inthandler_:
0B3F    50                        push        ax 
0B40    51                        push        cx 
0B41    52                        push        dx 
0B42    53                        push        bx 
0B43    54                        push        sp 
0B44    55                        push        bp 
0B45    56                        push        si 
0B46    57                        push        di 
0B47    1E                        push        ds 
0B48    06                        push        es 
0B49    50                        push        ax 
0B4A    50                        push        ax 
0B4B    89 E5                     mov         bp,sp 
0B4D    50                        push        ax 
0B4E    FC                        cld         
0B4F    B8 00 00                  mov         ax,DGROUP:CONST 
0B52    8E D8                     mov         ds,ax 
0B54    E9 04 00                  jmp         L$345 
0B57    4D                        dec         bp 
0B58    56                        push        si 
0B59    65 74                                           et
0B5B                          L$345:
0B5B    50 B8 00 00                                     DD		     0B5B
				; The label referred to here is an undefined location
L$347
0B5F    8E D8                     mov         ds,ax 
0B61    8B 46 1E                  mov         ax,word ptr 0x1e[bp] 
0B64    A3 00 00                  mov         word ptr _glob_reqstkword,ax 
0B67    58                        pop         ax 
0B68    8A 46 17                  mov         al,byte ptr 0x17[bp] 
0B6B    3A 06 00 00               cmp         al,byte ptr _glob_multiplexid 
0B6F    75 3B                     jne         L$347 
0B71    8A 46 16                  mov         al,byte ptr 0x16[bp] 
0B74    84 C0                     test        al,al 
0B76    75 11                     jne         L$346 
0B78    C6 46 16 FF               mov         byte ptr 0x16[bp],0xff 
0B7C    C7 46 10 86 4D            mov         word ptr 0x10[bp],0x4d86 
0B81    C7 46 14 E1 07            mov         word ptr 0x14[bp],0x07e1 
0B86    E9 FE 01                  jmp         L$373 
0B89                          L$346:
0B89    3C 01                     cmp         al,0x01 
0B8B    75 1F                     jne         L$347 
0B8D    81 7E 14 86 4D            cmp         word ptr 0x14[bp],0x4d86 
0B92    75 18                     jne         L$347 
0B94    1E                        push        ds 
0B95    8F 06 00 00               pop         word ptr _glob_reqstkword 
0B99    C7 46 16 00 00            mov         word ptr 0x16[bp],0x0000 
0B9E    A1 00 00                  mov         ax,word ptr _glob_reqstkword 
0BA1    89 46 10                  mov         word ptr 0x10[bp],ax 
0BA4    C7 46 14 00 00            mov         word ptr 0x14[bp],offset _glob_data 
0BA9    E9 DB 01                  jmp         L$373 
0BAC                          L$347:
0BAC    80 7E 17 11               cmp         byte ptr 0x17[bp],0x11 
0BB0    75 51                     jne         L$351 
0BB2    8A 46 16                  mov         al,byte ptr 0x16[bp] 
0BB5    84 C0                     test        al,al 
0BB7    74 4A                     je          L$351 
0BB9    3C 2E                     cmp         al,0x2e 
0BBB    77 46                     ja          L$351 
0BBD    88 C3                     mov         bl,al 
0BBF    30 FF                     xor         bh,bh 
0BC1    80 BF 00 00 FF            cmp         byte ptr _supportedfunctions[bx],0xff 
0BC6    74 3B                     je          L$351 
0BC8    3C 06                     cmp         al,0x06 
0BCA    72 04                     jb          L$348 
0BCC    3C 0B                     cmp         al,0x0b 
0BCE    76 0B                     jbe         L$349 
0BD0                          L$348:
0BD0    8A 46 16                  mov         al,byte ptr 0x16[bp] 
0BD3    3C 21                     cmp         al,0x21 
0BD5    74 04                     je          L$349 
0BD7    3C 2D                     cmp         al,0x2d 
0BD9    75 0F                     jne         L$350 
0BDB                          L$349:
0BDB    8B 5E 08                  mov         bx,word ptr 0x8[bp] 
0BDE    8E 46 04                  mov         es,word ptr 0x4[bp] 
0BE1    26 8A 47 05               mov         al,byte ptr es:0x5[bx] 
0BE5    24 3F                     and         al,0x3f 
0BE7    E9 AA 00                  jmp         L$361 
0BEA                          L$350:
0BEA    3C 11                     cmp         al,0x11 
0BEC    72 1E                     jb          L$354 
0BEE    76 43                     jbe         L$357 
0BF0    3C 16                     cmp         al,0x16 
0BF2    72 12                     jb          L$352 
0BF4    3C 17                     cmp         al,0x17 
0BF6    76 3B                     jbe         L$357 
0BF8    3C 2E                     cmp         al,0x2e 
0BFA    74 37                     je          L$357 
0BFC    3C 1C                     cmp         al,0x1c 
0BFE    74 26                     je          L$356 
0C00    E9 65 00                  jmp         L$359 
0C03                          L$351:
0C03    E9 77 01                  jmp         L$372 
0C06                          L$352:
0C06    3C 13                     cmp         al,0x13 
0C08                          L$353:
0C08    74 29                     je          L$357 
0C0A    EB 5C                     jmp         L$359 
0C0C                          L$354:
0C0C    3C 03                     cmp         al,0x03 
0C0E    72 12                     jb          L$355 
0C10    76 21                     jbe         L$357 
0C12    3C 05                     cmp         al,0x05 
0C14    72 52                     jb          L$359 
0C16    76 1B                     jbe         L$357 
0C18    3C 0E                     cmp         al,0x0e 
0C1A    72 4C                     jb          L$359 
0C1C    3C 0F                     cmp         al,0x0f 
0C1E    76 13                     jbe         L$357 
0C20    EB 46                     jmp         L$359 
0C22                          L$355:
0C22    3C 01                     cmp         al,0x01 
0C24    EB E2                     jmp         L$353 
0C26                          L$356:
0C26    C4 1E 00 00               les         bx,dword ptr _glob_sdaptr 
0C2A    26 8A 87 92 01            mov         al,byte ptr es:0x192[bx] 
0C2F    24 1F                     and         al,0x1f 
0C31    EB 61                     jmp         L$361 
0C33                          L$357:
0C33    8B 1E 00 00               mov         bx,word ptr _glob_sdaptr 
0C37    A1 02 00                  mov         ax,word ptr _glob_sdaptr+0x2 
0C3A    8E C0                     mov         es,ax 
0C3C    26 80 BF 92 00 61         cmp         byte ptr es:0x92[bx],0x61 
0C42    72 14                     jb          L$358 
0C44    26 80 BF 92 00 7A         cmp         byte ptr es:0x92[bx],0x7a 
0C4A    77 0C                     ja          L$358 
0C4C    26 8A 87 92 00            mov         al,byte ptr es:0x92[bx] 
0C51    30 E4                     xor         ah,ah 
0C53    2D 61 00                  sub         ax,0x0061 
0C56    EB 3C                     jmp         L$361 
0C58                          L$358:
0C58    C4 1E 00 00               les         bx,dword ptr _glob_sdaptr 
0C5C    26 8A 87 92 00            mov         al,byte ptr es:0x92[bx] 
0C61    30 E4                     xor         ah,ah 
0C63    2D 41 00                  sub         ax,0x0041 
0C66    EB 2C                     jmp         L$361 
0C68                          L$359:
0C68    8B 5E 08                  mov         bx,word ptr 0x8[bp] 
0C6B    8B 46 04                  mov         ax,word ptr 0x4[bp] 
0C6E    89 DE                     mov         si,bx 
0C70    89 C2                     mov         dx,ax 
0C72    8E C0                     mov         es,ax 
0C74    26 80 3F 61               cmp         byte ptr es:[bx],0x61 
0C78    72 10                     jb          L$360 
0C7A    26 80 3F 7A               cmp         byte ptr es:[bx],0x7a 
0C7E    77 0A                     ja          L$360 
0C80    26 8A 07                  mov         al,byte ptr es:[bx] 
0C83    30 E4                     xor         ah,ah 
0C85    2D 61 00                  sub         ax,0x0061 
0C88    EB 0A                     jmp         L$361 
0C8A                          L$360:
0C8A    8E C2                     mov         es,dx 
0C8C    26 8A 04                  mov         al,byte ptr es:[si] 
0C8F    30 E4                     xor         ah,ah 
0C91    2D 41 00                  sub         ax,0x0041 
0C94                          L$361:
0C94    A2 00 00                  mov         byte ptr _glob_reqdrv,al 
0C97    A0 00 00                  mov         al,byte ptr _glob_reqdrv 
0C9A    3C 19                     cmp         al,0x19 
0C9C    77 51                     ja          L$364 
0C9E    88 C3                     mov         bl,al 
0CA0    30 FF                     xor         bh,bh 
0CA2    80 BF 09 00 FF            cmp         byte ptr _glob_data+0x9[bx],0xff 
0CA7    74 46                     je          L$364 
0CA9    80 7E 16 0C               cmp         byte ptr 0x16[bp],0x0c 
0CAD    74 6C                     je          L$368 
0CAF    8B 1E 00 00               mov         bx,word ptr _glob_sdaptr 
0CB3    8B 3E 02 00               mov         di,word ptr _glob_sdaptr+0x2 
0CB7    81 C3 92 00               add         bx,0x0092 
0CBB    31 C0                     xor         ax,ax 
0CBD    8B 16 00 00               mov         dx,word ptr _glob_sdaptr 
0CC1    8B 0E 02 00               mov         cx,word ptr _glob_sdaptr+0x2 
0CC5                          L$362:
0CC5    8E C1                     mov         es,cx 
0CC7    89 D6                     mov         si,dx 
0CC9    01 C6                     add         si,ax 
0CCB    26 80 BC 92 00 5C         cmp         byte ptr es:0x92[si],0x5c 
0CD1    75 0B                     jne         L$363 
0CD3    89 D3                     mov         bx,dx 
0CD5    81 C3 92 00               add         bx,0x0092 
0CD9    01 C3                     add         bx,ax 
0CDB    89 CF                     mov         di,cx 
0CDD    43                        inc         bx 
0CDE                          L$363:
0CDE    C4 36 00 00               les         si,dword ptr _glob_sdaptr 
0CE2    01 C6                     add         si,ax 
0CE4    26 80 BC 92 00 00         cmp         byte ptr es:0x92[si],0x00 
0CEA    74 06                     je          L$365 
0CEC    40                        inc         ax 
0CED    EB D6                     jmp         L$362 
0CEF                          L$364:
0CEF    E9 8B 00                  jmp         L$372 
0CF2                          L$365:
0CF2    31 C0                     xor         ax,ax 
0CF4                          L$366:
0CF4    C4 36 00 00               les         si,dword ptr _glob_sdaptr 
0CF8    01 C6                     add         si,ax 
0CFA    26 C6 84 18 02 20         mov         byte ptr es:0x218[si],0x20 
0D00    40                        inc         ax 
0D01    3D 0B 00                  cmp         ax,0x000b 
0D04    72 EE                     jb          L$366 
0D06    31 C0                     xor         ax,ax 
0D08                          L$367:
0D08    8E C7                     mov         es,di 
0D0A    26 80 3F 00               cmp         byte ptr es:[bx],0x00 
0D0E    74 2B                     je          L$371 
0D10    26 80 3F 2E               cmp         byte ptr es:[bx],0x2e 
0D14    75 07                     jne         L$369 
0D16    B8 08 00                  mov         ax,0x0008 
0D19    EB 1D                     jmp         L$370 
0D1B                          L$368:
0D1B    EB 1E                     jmp         L$371 
0D1D                          L$369:
0D1D    8B 0E 00 00               mov         cx,word ptr _glob_sdaptr 
0D21    8B 16 02 00               mov         dx,word ptr _glob_sdaptr+0x2 
0D25    89 C6                     mov         si,ax 
0D27    40                        inc         ax 
0D28    89 56 FE                  mov         word ptr -0x2[bp],dx 
0D2B    01 CE                     add         si,cx 
0D2D    26 8A 17                  mov         dl,byte ptr es:[bx] 
0D30    8E 46 FE                  mov         es,word ptr -0x2[bp] 
0D33    26 88 94 18 02            mov         byte ptr es:0x218[si],dl 
0D38                          L$370:
0D38    43                        inc         bx 
0D39    EB CD                     jmp         L$367 
0D3B                          L$371:
0D3B    B8 1E 00                  mov         ax,0x001e 
0D3E    50                        push        ax 
0D3F    8C D1                     mov         cx,ss 
0D41    8D 5E 00                  lea         bx,[bp] 
0D44    B8 00 00                  mov         ax,offset _glob_intregs 
0D47    8C DA                     mov         dx,ds 
0D49    E8 00 00                  call        copybytes_ 
0D4C    FA                        cli         
0D4D    8C 16 00 00               mov         word ptr _glob_oldstack_seg,ss 
0D51    89 26 00 00               mov         word ptr _glob_oldstack_off,sp 
0D55    8C D8                     mov         ax,ds 
0D57    8E D0                     mov         ss,ax 
0D59    BC AA 0D                  mov         sp,0x0daa 
0D5C    FB                        sti         
0D5D    E8 00 00                  call        process2f_ 
0D60    FA                        cli         
0D61    8E 16 00 00               mov         ss,word ptr _glob_oldstack_seg 
0D65    8B 26 00 00               mov         sp,word ptr _glob_oldstack_off 
0D69    FB                        sti         
0D6A    B8 1E 00                  mov         ax,0x001e 
0D6D    50                        push        ax 
0D6E    BB 00 00                  mov         bx,offset _glob_intregs 
0D71    8C D9                     mov         cx,ds 
0D73    8C D2                     mov         dx,ss 
0D75    8D 46 00                  lea         ax,[bp] 
0D78    E8 00 00                  call        copybytes_ 
0D7B    EB 0A                     jmp         L$373 
0D7D                          L$372:
0D7D    A1 02 00                  mov         ax,word ptr _glob_data+0x2 
0D80    8B 16 00 00               mov         dx,word ptr _glob_data 
0D84    E8 00 00                  call        _mvchain_intr_ 
0D87                          L$373:
0D87    89 EC                     mov         sp,bp 
0D89    58                        pop         ax 
0D8A    58                        pop         ax 
0D8B    07                        pop         es 
0D8C    1F                        pop         ds 
0D8D    5F                        pop         di 
0D8E    5E                        pop         si 
0D8F    5D                        pop         bp 
0D90    5B                        pop         bx 
0D91    5B                        pop         bx 
0D92    5A                        pop         dx 
0D93    59                        pop         cx 
0D94    58                        pop         ax 
0D95    CF                        iret        

Routine Size: 599 bytes,    Routine Base: BEGTEXT + 0B3F

No disassembly errors

