Module: C:\SRC_FV\ETHERD~1\ETHDFS83\ETHERDFS.C
GROUP: 'DGROUP' CONST,CONST2,_DATA,_BSS

Segment: _TEXT BYTE USE16 00000000 bytes

Routine Size: 0 bytes,    Routine Base: _TEXT + 0000

No disassembly errors

Segment: CONST WORD USE16 00000000 bytes

Segment: CONST2 WORD USE16 00000000 bytes

Segment: _DATA WORD USE16 00000031 bytes
0000                          _supportedfunctions:
0000    00 01 FF 03 FF 05 06 07 08 09 0A 0B 0C FF 0E 0F ................
0010    FF 11 FF 13 FF FF 16 17 FF FF FF 1B 1C FF FF FF ................
0020    FF 21 FF FF FF FF FF FF FF FF FF FF FF 2D 2E    .!...........-.
002F                          L$1:
002F    FF FF                                           ..

Segment: _BSS WORD USE16 000008DD bytes
0000                          _glob_sdaptr:
0004                          _glob_pktdrv_pktcall:
0008                          _glob_pktdrv_sndbuff:
044A                          _glob_pktdrv_recvbuff:
088C                          _glob_intregs:
08AA                          _glob_reqstkword:
08AC                          _glob_oldstack_seg:
08AE                          _glob_pktdrv_recvbufflen:
08B0                          _glob_oldstack_off:
08B2                          _glob_data:
08D5                          _glob_reqdrv:
08D6                          _glob_multiplexid:
08D7                          L$2:
08D8                          L$3:
08DA                          L$4:
08DC                          L$5:

BSS Size: 2269 bytes

Segment: _TEXT BYTE USE16 00001292 bytes
0000                          begtextend_:
0000    C3                        ret         
0001                          pktdrv_accesstype_:
0001    53                        push        bx 
0002    51                        push        cx 
0003    52                        push        dx 
0004    56                        push        si 
0005    57                        push        di 
0006    55                        push        bp 
0007    89 E5                     mov         bp,sp 
0009    50                        push        ax 
000A    C6 46 FE 00               mov         byte ptr -0x2[bp],0x00 
000E    B8 01 02                  mov         ax,0x0201 
0011    BB FF FF                  mov         bx,0xffff 
0014    B2 00                     mov         dl,0x00 
0016    BE 0C 00                  mov         si,offset _glob_pktdrv_sndbuff+0xc 
0019    B9 02 00                  mov         cx,0x0002 
001C    0E                        push        cs 
001D    07                        pop         es 
001E    BF 00 00                  mov         di,offset pktdrv_recv_ 
0021    C6 86 FE FF 01            mov         byte ptr -0x2[bp],0x01 
0026    9C                        pushf       
0027    FA                        cli         
0028    FF 1E 00 00               call        dword ptr _glob_pktdrv_pktcall 
002C    72 08                     jb          L$6 
002E    A3 06 00                  mov         word ptr _glob_data+0x6,ax 
0031    C6 86 FE FF 00            mov         byte ptr -0x2[bp],0x00 
0036                          L$6:
0036    8A 46 FE                  mov         al,byte ptr -0x2[bp] 
0039    84 C0                     test        al,al 
003B    74 06                     je          L$7 
003D    B8 FF FF                  mov         ax,0xffff 
0040    E9 59 04                  jmp         L$78 
0043                          L$7:
0043    30 E4                     xor         ah,ah 
0045    E9 54 04                  jmp         L$78 
0048                          pktdrv_getaddr_:
0048    53                        push        bx 
0049    51                        push        cx 
004A    52                        push        dx 
004B    56                        push        si 
004C    57                        push        di 
004D    55                        push        bp 
004E    89 E5                     mov         bp,sp 
0050    50                        push        ax 
0051    B4 06                     mov         ah,0x06 
0053    8B 1E 06 00               mov         bx,word ptr _glob_data+0x6 
0057    1E                        push        ds 
0058    07                        pop         es 
0059    8B BE FE FF               mov         di,word ptr -0x2[bp] 
005D    B9 06 00                  mov         cx,0x0006 
0060    9C                        pushf       
0061    FA                        cli         
0062    FF 1E 00 00               call        dword ptr _glob_pktdrv_pktcall 
0066    E9 33 04                  jmp         L$78 
0069                          pktdrv_init_:
0069    53                        push        bx 
006A    51                        push        cx 
006B    56                        push        si 
006C    57                        push        di 
006D    55                        push        bp 
006E    89 E5                     mov         bp,sp 
0070    83 EC 0C                  sub         sp,0x000c 
0073    89 C3                     mov         bx,ax 
0075    89 C6                     mov         si,ax 
0077    D1 E6                     shl         si,0x01 
0079    D1 E6                     shl         si,0x01 
007B    31 C0                     xor         ax,ax 
007D    8E C0                     mov         es,ax 
007F    26 8B 04                  mov         ax,word ptr es:[si] 
0082    26 8B 4C 02               mov         cx,word ptr es:0x2[si] 
0086    8C 46 FC                  mov         word ptr -0x4[bp],es 
0089    8C 46 FE                  mov         word ptr -0x2[bp],es 
008C    C7 46 F4 50 4B            mov         word ptr -0xc[bp],0x4b50 
0091    C7 46 F6 54 20            mov         word ptr -0xa[bp],0x2054 
0096    C7 46 F8 44 52            mov         word ptr -0x8[bp],0x5244 
009B    C7 46 FA 56 52            mov         word ptr -0x6[bp],0x5256 
00A0    C7 06 0C 00 ED F5         mov         word ptr _glob_pktdrv_sndbuff+0xc,0xf5ed 
00A6    85 D2                     test        dx,dx 
00A8    75 07                     jne         L$8 
00AA    C6 06 38 00 82            mov         byte ptr _glob_pktdrv_sndbuff+0x38,0x82 
00AF    EB 05                     jmp         L$9 
00B1                          L$8:
00B1    C6 06 38 00 02            mov         byte ptr _glob_pktdrv_sndbuff+0x38,0x02 
00B6                          L$9:
00B6    31 F6                     xor         si,si 
00B8    05 03 00                  add         ax,0x0003 
00BB    8E C1                     mov         es,cx 
00BD    EB 06                     jmp         L$11 
00BF                          L$10:
00BF    46                        inc         si 
00C0    83 FE 08                  cmp         si,0x0008 
00C3    7D 11                     jge         L$12 
00C5                          L$11:
00C5    89 C7                     mov         di,ax 
00C7    01 F7                     add         di,si 
00C9    8A 52 F4                  mov         dl,byte ptr -0xc[bp+si] 
00CC    26 3A 15                  cmp         dl,byte ptr es:[di] 
00CF    74 EE                     je          L$10 
00D1    B8 FF FF                  mov         ax,0xffff 
00D4    EB 27                     jmp         L$13 
00D6                          L$12:
00D6    88 1E 08 00               mov         byte ptr _glob_data+0x8,bl 
00DA    B4 35                     mov         ah,0x35 
00DC    A0 08 00                  mov         al,byte ptr _glob_data+0x8 
00DF    06                        push        es 
00E0    53                        push        bx 
00E1    CD 21                     int         0x21 
00E3    8C 86 FC FF               mov         word ptr -0x4[bp],es 
00E7    89 9E FE FF               mov         word ptr -0x2[bp],bx 
00EB    5B                        pop         bx 
00EC    07                        pop         es 
00ED    8B 46 FC                  mov         ax,word ptr -0x4[bp] 
00F0    8B 56 FE                  mov         dx,word ptr -0x2[bp] 
00F3    89 16 00 00               mov         word ptr _glob_pktdrv_pktcall,dx 
00F7    A3 02 00                  mov         word ptr _glob_pktdrv_pktcall+0x2,ax 
00FA    E8 00 00                  call        pktdrv_accesstype_ 
00FD                          L$13:
00FD    89 EC                     mov         sp,bp 
00FF    5D                        pop         bp 
0100                          L$14:
0100    5F                        pop         di 
0101                          L$15:
0101    5E                        pop         si 
0102    59                        pop         cx 
0103                          L$16:
0103    5B                        pop         bx 
0104    C3                        ret         
0105                          pktdrv_free_:
0105    53                        push        bx 
0106    51                        push        cx 
0107    56                        push        si 
0108    57                        push        di 
0109    B4 03                     mov         ah,0x03 
010B    8B 1E 06 00               mov         bx,word ptr _glob_data+0x6 
010F    9C                        pushf       
0110    FA                        cli         
0111    FF 1E 00 00               call        dword ptr _glob_pktdrv_pktcall 
0115    EB E9                     jmp         L$14 
0117                          getsda_:
0117    53                        push        bx 
0118    51                        push        cx 
0119    56                        push        si 
011A    57                        push        di 
011B    55                        push        bp 
011C    89 E5                     mov         bp,sp 
011E    50                        push        ax 
011F    50                        push        ax 
0120    31 C0                     xor         ax,ax 
0122    89 46 FE                  mov         word ptr -0x2[bp],ax 
0125    89 46 FC                  mov         word ptr -0x4[bp],ax 
0128    B8 06 5D                  mov         ax,0x5d06 
012B    1E                        push        ds 
012C    56                        push        si 
012D    CD 21                     int         0x21 
012F    8C DB                     mov         bx,ds 
0131    8B CE                     mov         cx,si 
0133    5E                        pop         si 
0134    1F                        pop         ds 
0135    89 9E FE FF               mov         word ptr -0x2[bp],bx 
0139    89 8E FC FF               mov         word ptr -0x4[bp],cx 
013D    8B 46 FC                  mov         ax,word ptr -0x4[bp] 
0140    8B 56 FE                  mov         dx,word ptr -0x2[bp] 
0143    EB B8                     jmp         L$13 
0145                          getcds_:
0145    53                        push        bx 
0146    51                        push        cx 
0147    56                        push        si 
0148    57                        push        di 
0149    55                        push        bp 
014A    89 E5                     mov         bp,sp 
014C    50                        push        ax 
014D    83 3E 2F 00 FF            cmp         word ptr DGROUP:L$1,0xffff 
0152    75 3C                     jne         L$17 
0154    C7 06 2F 00 01 00         mov         word ptr DGROUP:L$1,0x0001 
015A    56                        push        si 
015B    B4 52                     mov         ah,0x52 
015D    CD 21                     int         0x21 
015F    BE 21 00                  mov         si,0x0021 
0162    26 8A 20                  mov         ah,byte ptr es:[bx+si] 
0165    88 26 DC 08               mov         byte ptr DGROUP:L$5,ah 
0169    BE 16 00                  mov         si,0x0016 
016C    26 C4 18                  les         bx,dword ptr es:[bx+si] 
016F    8C 06 DA 08               mov         word ptr DGROUP:L$4,es 
0173    89 1E D8 08               mov         word ptr DGROUP:L$3,bx 
0177    5E                        pop         si 
0178    8B 16 D8 08               mov         dx,word ptr DGROUP:L$3 
017C    A1 DA 08                  mov         ax,word ptr DGROUP:L$4 
017F    3D FF FF                  cmp         ax,0xffff 
0182    75 0C                     jne         L$17 
0184    83 FA FF                  cmp         dx,0xffff 
0187    75 07                     jne         L$17 
0189    31 C0                     xor         ax,ax 
018B    A3 2F 00                  mov         word ptr DGROUP:L$1,ax 
018E    EB 07                     jmp         L$18 
0190                          L$17:
0190    83 3E 2F 00 00            cmp         word ptr DGROUP:L$1,0x0000 
0195    75 07                     jne         L$20 
0197                          L$18:
0197    31 C0                     xor         ax,ax 
0199                          L$19:
0199    31 D2                     xor         dx,dx 
019B    E9 5F FF                  jmp         L$13 
019E                          L$20:
019E    A0 DC 08                  mov         al,byte ptr DGROUP:L$5 
01A1    30 E4                     xor         ah,ah 
01A3    3B 46 FE                  cmp         ax,word ptr -0x2[bp] 
01A6    73 04                     jae         L$21 
01A8    30 C0                     xor         al,al 
01AA    EB ED                     jmp         L$19 
01AC                          L$21:
01AC    8B 46 FE                  mov         ax,word ptr -0x2[bp] 
01AF    BA 51 00                  mov         dx,0x0051 
01B2    F7 E2                     mul         dx 
01B4    8B 1E D8 08               mov         bx,word ptr DGROUP:L$3 
01B8    8B 16 DA 08               mov         dx,word ptr DGROUP:L$4 
01BC    01 D8                     add         ax,bx 
01BE    E9 3C FF                  jmp         L$13 
01C1                          outmsg_:
01C1    53                        push        bx 
01C2    51                        push        cx 
01C3    52                        push        dx 
01C4    56                        push        si 
01C5    57                        push        di 
01C6    55                        push        bp 
01C7    89 E5                     mov         bp,sp 
01C9    50                        push        ax 
01CA    B4 09                     mov         ah,0x09 
01CC    8B 96 FE FF               mov         dx,word ptr -0x2[bp] 
01D0    CD 21                     int         0x21 
01D2    E9 C7 02                  jmp         L$78 
01D5                          zerobytes_:
01D5    53                        push        bx 
01D6    89 C3                     mov         bx,ax 
01D8                          L$22:
01D8    4A                        dec         dx 
01D9    83 FA FF                  cmp         dx,0xffff 
01DC    75 03                     jne         L$23 
01DE    E9 22 FF                  jmp         L$16 
01E1                          L$23:
01E1    C6 07 00                  mov         byte ptr [bx],0x00 
01E4    43                        inc         bx 
01E5    EB F1                     jmp         L$22 
01E7                          hexpair2int_:
01E7    53                        push        bx 
01E8    51                        push        cx 
01E9    56                        push        si 
01EA    55                        push        bp 
01EB    89 E5                     mov         bp,sp 
01ED    50                        push        ax 
01EE    31 F6                     xor         si,si 
01F0    EB 06                     jmp         L$25 
01F2                          L$24:
01F2    46                        inc         si 
01F3    83 FE 02                  cmp         si,0x0002 
01F6    73 47                     jae         L$31 
01F8                          L$25:
01F8    89 C3                     mov         bx,ax 
01FA    01 F3                     add         bx,si 
01FC    80 3F 41                  cmp         byte ptr [bx],0x41 
01FF    72 0F                     jb          L$27 
0201    80 3F 46                  cmp         byte ptr [bx],0x46 
0204    77 0A                     ja          L$27 
0206    8A 1F                     mov         bl,byte ptr [bx] 
0208    80 EB 37                  sub         bl,0x37 
020B                          L$26:
020B    88 5A FE                  mov         byte ptr -0x2[bp+si],bl 
020E    EB E2                     jmp         L$24 
0210                          L$27:
0210    89 C3                     mov         bx,ax 
0212    01 F3                     add         bx,si 
0214    80 3F 61                  cmp         byte ptr [bx],0x61 
0217    72 0C                     jb          L$28 
0219    80 3F 66                  cmp         byte ptr [bx],0x66 
021C    77 07                     ja          L$28 
021E    8A 1F                     mov         bl,byte ptr [bx] 
0220    80 EB 57                  sub         bl,0x57 
0223    EB E6                     jmp         L$26 
0225                          L$28:
0225    89 C3                     mov         bx,ax 
0227    01 F3                     add         bx,si 
0229    80 3F 30                  cmp         byte ptr [bx],0x30 
022C    72 05                     jb          L$29 
022E    80 3F 39                  cmp         byte ptr [bx],0x39 
0231    76 05                     jbe         L$30 
0233                          L$29:
0233    BE FF FF                  mov         si,0xffff 
0236    EB 17                     jmp         L$32 
0238                          L$30:
0238    8A 1F                     mov         bl,byte ptr [bx] 
023A    80 EB 30                  sub         bl,0x30 
023D    EB CC                     jmp         L$26 
023F                          L$31:
023F    8A 46 FE                  mov         al,byte ptr -0x2[bp] 
0242    30 E4                     xor         ah,ah 
0244    89 C6                     mov         si,ax 
0246    B1 04                     mov         cl,0x04 
0248    D3 E6                     shl         si,cl 
024A    8A 46 FF                  mov         al,byte ptr -0x1[bp] 
024D    09 C6                     or          si,ax 
024F                          L$32:
024F    89 F0                     mov         ax,si 
0251                          L$33:
0251    89 EC                     mov         sp,bp 
0253    5D                        pop         bp 
0254    E9 AA FE                  jmp         L$15 
0257                          string2mac_:
0257    53                        push        bx 
0258    51                        push        cx 
0259    56                        push        si 
025A    55                        push        bp 
025B    89 E5                     mov         bp,sp 
025D    50                        push        ax 
025E    89 C3                     mov         bx,ax 
0260    89 D1                     mov         cx,dx 
0262    31 D2                     xor         dx,dx 
0264                          L$34:
0264    89 CE                     mov         si,cx 
0266    01 D6                     add         si,dx 
0268    80 3C 00                  cmp         byte ptr [si],0x00 
026B    74 03                     je          L$35 
026D    42                        inc         dx 
026E    EB F4                     jmp         L$34 
0270                          L$35:
0270    83 FA 11                  cmp         dx,0x0011 
0273    74 05                     je          L$37 
0275                          L$36:
0275    B8 FF FF                  mov         ax,0xffff 
0278    EB D7                     jmp         L$33 
027A                          L$37:
027A    BA 02 00                  mov         dx,0x0002 
027D    EB 08                     jmp         L$39 
027F                          L$38:
027F    83 C2 03                  add         dx,0x0003 
0282    83 FA 10                  cmp         dx,0x0010 
0285    7D 0B                     jge         L$40 
0287                          L$39:
0287    89 CE                     mov         si,cx 
0289    01 D6                     add         si,dx 
028B    80 3C 3A                  cmp         byte ptr [si],0x3a 
028E    74 EF                     je          L$38 
0290    EB E3                     jmp         L$36 
0292                          L$40:
0292    31 D2                     xor         dx,dx 
0294    EB 0E                     jmp         L$42 
0296                          L$41:
0296    8A 46 FE                  mov         al,byte ptr -0x2[bp] 
0299    88 07                     mov         byte ptr [bx],al 
029B    43                        inc         bx 
029C    83 C2 03                  add         dx,0x0003 
029F    83 FA 10                  cmp         dx,0x0010 
02A2    7D 10                     jge         L$43 
02A4                          L$42:
02A4    89 C8                     mov         ax,cx 
02A6    01 D0                     add         ax,dx 
02A8    E8 00 00                  call        hexpair2int_ 
02AB    89 46 FE                  mov         word ptr -0x2[bp],ax 
02AE    85 C0                     test        ax,ax 
02B0    7D E4                     jge         L$41 
02B2    EB C1                     jmp         L$36 
02B4                          L$43:
02B4    31 C0                     xor         ax,ax 
02B6    EB 99                     jmp         L$33 
02B8                          parseargv_:
02B8    53                        push        bx 
02B9    51                        push        cx 
02BA    52                        push        dx 
02BB    56                        push        si 
02BC    57                        push        di 
02BD    55                        push        bp 
02BE    89 E5                     mov         bp,sp 
02C0    83 EC 06                  sub         sp,0x0006 
02C3    89 C3                     mov         bx,ax 
02C5    31 FF                     xor         di,di 
02C7    31 D2                     xor         dx,dx 
02C9    B9 01 00                  mov         cx,0x0001 
02CC                          L$44:
02CC    3B 0F                     cmp         cx,word ptr [bx] 
02CE    7D 3B                     jge         L$45 
02D0    89 CE                     mov         si,cx 
02D2    D1 E6                     shl         si,0x01 
02D4    8B 47 02                  mov         ax,word ptr 0x2[bx] 
02D7    01 C6                     add         si,ax 
02D9    8B 34                     mov         si,word ptr [si] 
02DB    80 3C 41                  cmp         byte ptr [si],0x41 
02DE    72 2E                     jb          L$46 
02E0    80 7C 01 2D               cmp         byte ptr 0x1[si],0x2d 
02E4    75 28                     jne         L$46 
02E6    80 7C 02 41               cmp         byte ptr 0x2[si],0x41 
02EA    72 22                     jb          L$46 
02EC    80 7C 03 00               cmp         byte ptr 0x3[si],0x00 
02F0    75 1C                     jne         L$46 
02F2    8A 04                     mov         al,byte ptr [si] 
02F4    3C 61                     cmp         al,0x61 
02F6    72 19                     jb          L$47 
02F8    3C 7A                     cmp         al,0x7a 
02FA    77 15                     ja          L$47 
02FC    88 46 FE                  mov         byte ptr -0x2[bp],al 
02FF    C6 46 FF 00               mov         byte ptr -0x1[bp],0x00 
0303    8B 46 FE                  mov         ax,word ptr -0x2[bp] 
0306    2D 61 00                  sub         ax,0x0061 
0309    EB 20                     jmp         L$48 
030B                          L$45:
030B    E9 6F 01                  jmp         L$74 
030E                          L$46:
030E    E9 90 00                  jmp         L$53 
0311                          L$47:
0311    89 CE                     mov         si,cx 
0313    D1 E6                     shl         si,0x01 
0315    8B 47 02                  mov         ax,word ptr 0x2[bx] 
0318    01 C6                     add         si,ax 
031A    8B 34                     mov         si,word ptr [si] 
031C    8A 04                     mov         al,byte ptr [si] 
031E    88 46 FE                  mov         byte ptr -0x2[bp],al 
0321    C6 46 FF 00               mov         byte ptr -0x1[bp],0x00 
0325    8B 46 FE                  mov         ax,word ptr -0x2[bp] 
0328    2D 41 00                  sub         ax,0x0041 
032B                          L$48:
032B    89 46 FA                  mov         word ptr -0x6[bp],ax 
032E    8A 66 FA                  mov         ah,byte ptr -0x6[bp] 
0331    89 CE                     mov         si,cx 
0333    D1 E6                     shl         si,0x01 
0335    8B 7F 02                  mov         di,word ptr 0x2[bx] 
0338    01 FE                     add         si,di 
033A    8B 34                     mov         si,word ptr [si] 
033C    8A 44 02                  mov         al,byte ptr 0x2[si] 
033F    3C 61                     cmp         al,0x61 
0341    72 13                     jb          L$49 
0343    3C 7A                     cmp         al,0x7a 
0345    77 0F                     ja          L$49 
0347    88 46 FE                  mov         byte ptr -0x2[bp],al 
034A    C6 46 FF 00               mov         byte ptr -0x1[bp],0x00 
034E    8B 76 FE                  mov         si,word ptr -0x2[bp] 
0351    83 EE 61                  sub         si,0x0061 
0354    EB 1B                     jmp         L$50 
0356                          L$49:
0356    89 CE                     mov         si,cx 
0358    D1 E6                     shl         si,0x01 
035A    8B 7F 02                  mov         di,word ptr 0x2[bx] 
035D    01 FE                     add         si,di 
035F    8B 34                     mov         si,word ptr [si] 
0361    8A 44 02                  mov         al,byte ptr 0x2[si] 
0364    88 46 FE                  mov         byte ptr -0x2[bp],al 
0367    C6 46 FF 00               mov         byte ptr -0x1[bp],0x00 
036B    8B 76 FE                  mov         si,word ptr -0x2[bp] 
036E    83 EE 41                  sub         si,0x0041 
0371                          L$50:
0371    89 76 FC                  mov         word ptr -0x4[bp],si 
0374    8A 46 FC                  mov         al,byte ptr -0x4[bp] 
0377    3C 19                     cmp         al,0x19 
0379    77 05                     ja          L$51 
037B    80 FC 19                  cmp         ah,0x19 
037E    76 06                     jbe         L$52 
0380                          L$51:
0380    B8 FE FF                  mov         ax,0xfffe 
0383    E9 16 01                  jmp         L$78 
0386                          L$52:
0386    88 46 FE                  mov         byte ptr -0x2[bp],al 
0389    C6 46 FF 00               mov         byte ptr -0x1[bp],0x00 
038D    8B 76 FE                  mov         si,word ptr -0x2[bp] 
0390    80 BC 09 00 FF            cmp         byte ptr _glob_data+0x9[si],0xff 
0395    75 E9                     jne         L$51 
0397    88 A4 09 00               mov         byte ptr _glob_data+0x9[si],ah 
039B    BF 01 00                  mov         di,0x0001 
039E    E9 D8 00                  jmp         L$73 
03A1                          L$53:
03A1    89 CE                     mov         si,cx 
03A3    D1 E6                     shl         si,0x01 
03A5    8B 47 02                  mov         ax,word ptr 0x2[bx] 
03A8    01 C6                     add         si,ax 
03AA    8B 34                     mov         si,word ptr [si] 
03AC    8A 04                     mov         al,byte ptr [si] 
03AE    3C 2F                     cmp         al,0x2f 
03B0    75 51                     jne         L$63 
03B2    8A 44 01                  mov         al,byte ptr 0x1[si] 
03B5    84 C0                     test        al,al 
03B7    75 06                     jne         L$55 
03B9                          L$54:
03B9    B8 FD FF                  mov         ax,0xfffd 
03BC    E9 DD 00                  jmp         L$78 
03BF                          L$55:
03BF    80 7C 02 00               cmp         byte ptr 0x2[si],0x00 
03C3    75 04                     jne         L$56 
03C5    31 F6                     xor         si,si 
03C7    EB 09                     jmp         L$57 
03C9                          L$56:
03C9    80 7C 02 3D               cmp         byte ptr 0x2[si],0x3d 
03CD    75 EA                     jne         L$54 
03CF    83 C6 03                  add         si,0x0003 
03D2                          L$57:
03D2    3C 41                     cmp         al,0x41 
03D4    72 06                     jb          L$58 
03D6    3C 5A                     cmp         al,0x5a 
03D8    77 02                     ja          L$58 
03DA    04 20                     add         al,0x20 
03DC                          L$58:
03DC    3C 70                     cmp         al,0x70 
03DE    72 0C                     jb          L$59 
03E0    76 23                     jbe         L$64 
03E2    3C 75                     cmp         al,0x75 
03E4    74 53                     je          L$68 
03E6    3C 71                     cmp         al,0x71 
03E8    74 08                     je          L$60 
03EA    EB 57                     jmp         L$69 
03EC                          L$59:
03EC    3C 6E                     cmp         al,0x6e 
03EE    74 3F                     je          L$67 
03F0    EB 51                     jmp         L$69 
03F2                          L$60:
03F2    85 F6                     test        si,si 
03F4    74 06                     je          L$62 
03F6                          L$61:
03F6    B8 FC FF                  mov         ax,0xfffc 
03F9    E9 A0 00                  jmp         L$78 
03FC                          L$62:
03FC    80 4F 06 01               or          byte ptr 0x6[bx],0x01 
0400    E9 76 00                  jmp         L$73 
0403                          L$63:
0403    EB 43                     jmp         L$70 
0405                          L$64:
0405    85 F6                     test        si,si 
0407    74 ED                     je          L$61 
0409    80 3C 00                  cmp         byte ptr [si],0x00 
040C    74 0C                     je          L$65 
040E    80 7C 01 00               cmp         byte ptr 0x1[si],0x00 
0412    74 06                     je          L$65 
0414    80 7C 02 00               cmp         byte ptr 0x2[si],0x00 
0418    74 06                     je          L$66 
041A                          L$65:
041A    B8 FF FF                  mov         ax,0xffff 
041D    E9 7C 00                  jmp         L$78 
0420                          L$66:
0420    89 F0                     mov         ax,si 
0422    E8 00 00                  call        hexpair2int_ 
0425    89 47 04                  mov         word ptr 0x4[bx],ax 
0428    3D 01 00                  cmp         ax,0x0001 
042B    73 4C                     jae         L$73 
042D    EB C7                     jmp         L$61 
042F                          L$67:
042F    85 F6                     test        si,si 
0431    75 C3                     jne         L$61 
0433    80 4F 06 08               or          byte ptr 0x6[bx],0x08 
0437    EB 40                     jmp         L$73 
0439                          L$68:
0439    85 F6                     test        si,si 
043B    75 B9                     jne         L$61 
043D    80 4F 06 04               or          byte ptr 0x6[bx],0x04 
0441    EB 36                     jmp         L$73 
0443                          L$69:
0443    B8 FB FF                  mov         ax,0xfffb 
0446    EB 54                     jmp         L$78 
0448                          L$70:
0448    85 D2                     test        dx,dx 
044A    75 CE                     jne         L$65 
044C    3C 3A                     cmp         al,0x3a 
044E    75 11                     jne         L$71 
0450    3A 44 01                  cmp         al,byte ptr 0x1[si] 
0453    75 0C                     jne         L$71 
0455    80 7C 02 00               cmp         byte ptr 0x2[si],0x00 
0459    75 06                     jne         L$71 
045B    80 4F 06 02               or          byte ptr 0x6[bx],0x02 
045F    EB 15                     jmp         L$72 
0461                          L$71:
0461    89 CE                     mov         si,cx 
0463    D1 E6                     shl         si,0x01 
0465    8B 47 02                  mov         ax,word ptr 0x2[bx] 
0468    01 C6                     add         si,ax 
046A    8B 14                     mov         dx,word ptr [si] 
046C    B8 00 00                  mov         ax,offset _glob_pktdrv_sndbuff 
046F    E8 00 00                  call        string2mac_ 
0472    85 C0                     test        ax,ax 
0474    75 A4                     jne         L$65 
0476                          L$72:
0476    BA 01 00                  mov         dx,0x0001 
0479                          L$73:
0479    41                        inc         cx 
047A    E9 4F FE                  jmp         L$44 
047D                          L$74:
047D    F6 47 06 04               test        byte ptr 0x6[bx],0x04 
0481    74 0A                     je          L$75 
0483    85 D2                     test        dx,dx 
0485    75 93                     jne         L$65 
0487    85 FF                     test        di,di 
0489    75 8F                     jne         L$65 
048B    EB 0D                     jmp         L$77 
048D                          L$75:
048D    85 FF                     test        di,di 
048F    74 04                     je          L$76 
0491    85 D2                     test        dx,dx 
0493    75 05                     jne         L$77 
0495                          L$76:
0495    B8 FA FF                  mov         ax,0xfffa 
0498    EB 02                     jmp         L$78 
049A                          L$77:
049A    31 C0                     xor         ax,ax 
049C                          L$78:
049C    89 EC                     mov         sp,bp 
049E    5D                        pop         bp 
049F    5F                        pop         di 
04A0    5E                        pop         si 
04A1    5A                        pop         dx 
04A2    59                        pop         cx 
04A3    5B                        pop         bx 
04A4    C3                        ret         
04A5                          byte2hex_:
04A5    53                        push        bx 
04A6    51                        push        cx 
04A7    56                        push        si 
04A8    55                        push        bp 
04A9    89 E5                     mov         bp,sp 
04AB    83 EC 10                  sub         sp,0x0010 
04AE    89 C3                     mov         bx,ax 
04B0    31 C0                     xor         ax,ax 
04B2                          L$79:
04B2    89 C6                     mov         si,ax 
04B4    88 C6                     mov         dh,al 
04B6    80 C6 30                  add         dh,0x30 
04B9    88 72 F0                  mov         byte ptr -0x10[bp+si],dh 
04BC    40                        inc         ax 
04BD    3D 0A 00                  cmp         ax,0x000a 
04C0    72 F0                     jb          L$79 
04C2                          L$80:
04C2    3D 10 00                  cmp         ax,0x0010 
04C5    73 0D                     jae         L$81 
04C7    89 C6                     mov         si,ax 
04C9    88 C6                     mov         dh,al 
04CB    80 C6 37                  add         dh,0x37 
04CE    88 72 F0                  mov         byte ptr -0x10[bp+si],dh 
04D1    40                        inc         ax 
04D2    EB EE                     jmp         L$80 
04D4                          L$81:
04D4    88 D0                     mov         al,dl 
04D6    30 E4                     xor         ah,ah 
04D8    B1 04                     mov         cl,0x04 
04DA    89 C6                     mov         si,ax 
04DC    D3 FE                     sar         si,cl 
04DE    8A 42 F0                  mov         al,byte ptr -0x10[bp+si] 
04E1    88 07                     mov         byte ptr [bx],al 
04E3    88 D0                     mov         al,dl 
04E5    24 0F                     and         al,0x0f 
04E7    89 C6                     mov         si,ax 
04E9    8A 42 F0                  mov         al,byte ptr -0x10[bp+si] 
04EC    88 47 01                  mov         byte ptr 0x1[bx],al 
04EF    88 67 02                  mov         byte ptr 0x2[bx],ah 
04F2    E9 5C FD                  jmp         L$33 
04F5                          allocseg_:
04F5    53                        push        bx 
04F6    51                        push        cx 
04F7    52                        push        dx 
04F8    56                        push        si 
04F9    57                        push        di 
04FA    55                        push        bp 
04FB    89 E5                     mov         bp,sp 
04FD    50                        push        ax 
04FE    50                        push        ax 
04FF    C7 46 FE 00 00            mov         word ptr -0x2[bp],0x0000 
0504    83 46 FC 0F               add         word ptr -0x4[bp],0x000f 
0508    B1 04                     mov         cl,0x04 
050A    D3 6E FC                  shr         word ptr -0x4[bp],cl 
050D    51                        push        cx 
050E    B4 58                     mov         ah,0x58 
0510    32 C0                     xor         al,al 
0512    CD 21                     int         0x21 
0514    8B C8                     mov         cx,ax 
0516    B4 58                     mov         ah,0x58 
0518    B0 01                     mov         al,0x01 
051A    B3 02                     mov         bl,0x02 
051C    CD 21                     int         0x21 
051E    B4 48                     mov         ah,0x48 
0520    8B 9E FC FF               mov         bx,word ptr -0x4[bp] 
0524    C7 86 FE FF 00 00         mov         word ptr -0x2[bp],0x0000 
052A    CD 21                     int         0x21 
052C    72 04                     jb          L$82 
052E    89 86 FE FF               mov         word ptr -0x2[bp],ax 
0532                          L$82:
0532    B4 58                     mov         ah,0x58 
0534    B0 01                     mov         al,0x01 
0536    8B D9                     mov         bx,cx 
0538    CD 21                     int         0x21 
053A    59                        pop         cx 
053B    8B 46 FE                  mov         ax,word ptr -0x2[bp] 
053E    E9 5B FF                  jmp         L$78 
0541                          freeseg_:
0541    53                        push        bx 
0542    51                        push        cx 
0543    52                        push        dx 
0544    56                        push        si 
0545    57                        push        di 
0546    55                        push        bp 
0547    89 E5                     mov         bp,sp 
0549    50                        push        ax 
054A    B4 49                     mov         ah,0x49 
054C    8E 86 FE FF               mov         es,word ptr -0x2[bp] 
0550    CD 21                     int         0x21 
0552    E9 47 FF                  jmp         L$78 
0555                          updatetsrds_:
0555    53                        push        bx 
0556    51                        push        cx 
0557    52                        push        dx 
0558    56                        push        si 
0559    57                        push        di 
055A    55                        push        bp 
055B    89 E5                     mov         bp,sp 
055D    50                        push        ax 
055E    C7 46 FE 00 00            mov         word ptr -0x2[bp],0x0000 
0563    1E                        push        ds 
0564    8F 86 FE FF               pop         word ptr -0x2[bp] 
0568    B8 00 00                  mov         ax,seg inthandler_ 
056B    8E C0                     mov         es,ax 
056D    26 80 3E 18 00 4D         cmp         byte ptr es:inthandler_+0x18,0x4d 
0573    75 18                     jne         L$83 
0575    26 80 3E 19 00 56         cmp         byte ptr es:inthandler_+0x19,0x56 
057B    75 10                     jne         L$83 
057D    26 80 3E 1A 00 65         cmp         byte ptr es:inthandler_+0x1a,0x65 
0583    75 08                     jne         L$83 
0585    26 80 3E 1B 00 74         cmp         byte ptr es:inthandler_+0x1b,0x74 
058B    74 06                     je          L$84 
058D                          L$83:
058D    B8 FF FF                  mov         ax,0xffff 
0590    E9 09 FF                  jmp         L$78 
0593                          L$84:
0593    8B 46 FE                  mov         ax,word ptr -0x2[bp] 
0596    26 A3 1E 00               mov         word ptr es:inthandler_+0x1e,ax 
059A    26 80 3E 03 00 70         cmp         byte ptr es:pktdrv_recv_+0x3,0x70 
05A0    75 EB                     jne         L$83 
05A2    26 80 3E 04 00 6B         cmp         byte ptr es:pktdrv_recv_+0x4,0x6b 
05A8    75 E3                     jne         L$83 
05AA    26 80 3E 05 00 74         cmp         byte ptr es:pktdrv_recv_+0x5,0x74 
05B0    75 DB                     jne         L$83 
05B2    26 80 3E 06 00 72         cmp         byte ptr es:pktdrv_recv_+0x6,0x72 
05B8    75 D3                     jne         L$83 
05BA    8B 46 FE                  mov         ax,word ptr -0x2[bp] 
05BD    26 A3 0B 00               mov         word ptr es:pktdrv_recv_+0xb,ax 
05C1    E9 D6 FE                  jmp         L$77 
05C4                          findfreemultiplex_:
05C4    53                        push        bx 
05C5    51                        push        cx 
05C6    52                        push        dx 
05C7    56                        push        si 
05C8    57                        push        di 
05C9    55                        push        bp 
05CA    89 E5                     mov         bp,sp 
05CC    83 EC 06                  sub         sp,0x0006 
05CF    50                        push        ax 
05D0    30 C0                     xor         al,al 
05D2    88 46 FC                  mov         byte ptr -0x4[bp],al 
05D5    88 46 FA                  mov         byte ptr -0x6[bp],al 
05D8    88 46 FE                  mov         byte ptr -0x2[bp],al 
05DB    C6 86 FC FF C0            mov         byte ptr -0x4[bp],0xc0 
05E0                          L$85:
05E0    32 C0                     xor         al,al 
05E2    8A A6 FC FF               mov         ah,byte ptr -0x4[bp] 
05E6    CD 2F                     int         0x2f 
05E8    84 C0                     test        al,al 
05EA    75 07                     jne         L$86 
05EC    88 A6 FA FF               mov         byte ptr -0x6[bp],ah 
05F0    E9 20 00                  jmp         L$87 
05F3                          L$86:
05F3    3C FF                     cmp         al,0xff 
05F5    75 1C                     jne         L$87 
05F7    81 FB 86 4D               cmp         bx,0x4d86 
05FB    75 16                     jne         L$87 
05FD    81 F9 E1 07               cmp         cx,0x07e1 
0601    75 10                     jne         L$87 
0603    8A A6 FC FF               mov         ah,byte ptr -0x4[bp] 
0607    88 A6 FA FF               mov         byte ptr -0x6[bp],ah 
060B    C6 86 FE FF 01            mov         byte ptr -0x2[bp],0x01 
0610    E9 06 00                  jmp         L$88 
0613                          L$87:
0613    FE 86 FC FF               inc         byte ptr -0x4[bp] 
0617    75 C7                     jne         L$85 
0619                          L$88:
0619    8A 46 FE                  mov         al,byte ptr -0x2[bp] 
061C    8B 5E F8                  mov         bx,word ptr -0x8[bp] 
061F    88 07                     mov         byte ptr [bx],al 
0621    8A 46 FA                  mov         al,byte ptr -0x6[bp] 
0624    E9 75 FE                  jmp         L$78 

Routine Size: 1575 bytes,    Routine Base: _TEXT + 0000

0627                          main_:
0627    53                        push        bx 
0628    51                        push        cx 
0629    56                        push        si 
062A    57                        push        di 
062B    55                        push        bp 
062C    89 E5                     mov         bp,sp 
062E    83 EC 3E                  sub         sp,0x003e 
0631    89 C6                     mov         si,ax 
0633    89 D1                     mov         cx,dx 
0635    30 C0                     xor         al,al 
0637    88 46 FE                  mov         byte ptr -0x2[bp],al 
063A    30 E4                     xor         ah,ah 
063C    89 46 F2                  mov         word ptr -0xe[bp],ax 
063F                          L$89:
063F    8B 5E F2                  mov         bx,word ptr -0xe[bp] 
0642    C6 87 09 00 FF            mov         byte ptr _glob_data+0x9[bx],0xff 
0647    FF 46 F2                  inc         word ptr -0xe[bp] 
064A    83 7E F2 1A               cmp         word ptr -0xe[bp],0x001a 
064E    7C EF                     jl          L$89 
0650    BA 07 00                  mov         dx,0x0007 
0653    8D 46 D6                  lea         ax,-0x2a[bp] 
0656    E8 00 00                  call        zerobytes_ 
0659    89 76 D6                  mov         word ptr -0x2a[bp],si 
065C    89 4E D8                  mov         word ptr -0x28[bp],cx 
065F    8D 46 D6                  lea         ax,-0x2a[bp] 
0662    E8 00 00                  call        parseargv_ 
0665    85 C0                     test        ax,ax 
0667    75 03                     jne         L$90 
0669    E9 89 02                  jmp         L$160 
066C                          L$90:
066C    1E                        push        ds 
066D    52                        push        dx 
066E    50                        push        ax 
066F    E8 76 02                  call        L$155 
0672    45                        inc         bp 
0673    74 68                     je          L$93 
0675    65 72 44                  jb          L$91 
0678    46                        inc         si 
0679    53                        push        bx 
067A    20 76 30                  and         byte ptr 0x30[bp],dh 
067D    2E 38 2E 32 20            cmp         byte ptr cs:[0x2032],ch 
0682    2F                        das         
0683    20 43 6F                  and         byte ptr 0x6f[bp+di],al 
0686    70 79                     jo          L$98 
0688    72 69                     jb          L$96 
068A    67 68 74 20               push        0x2074 
068E    28 43 29                  sub         byte ptr 0x29[bp+di],al 
0691    20 32                     and         byte ptr [bp+si],dh 
0693    30 31                     xor         byte ptr [bx+di],dh 
0695    37                        aaa         
0696    2C 32                     sub         al,0x32 
0698    30 31                     xor         byte ptr [bx+di],dh 
069A    38 20                     cmp         byte ptr [bx+si],ah 
069C    4D                        dec         bp 
069D    61                        popa        
069E    74 65                     je          L$99 
06A0    75 73                     jne         L$102 
06A2    7A 20                     jp          L$92 
06A4    56                        push        si 
06A5    69 73 74 65 0D            imul        si,word ptr 0x74[bp+di],0x0d65 
06AA    0A 41 20                  or          al,byte ptr 0x20[bx+di] 
06AD    6E                        outsb       
06AE    65 74 77                  je          L$104 
06B1    6F                        outsw       
06B2    72 6B                     jb          L$103 
06B4    20 64 72                  and         byte ptr 0x72[si],ah 
06B7    69 76 65 20 66            imul        si,word ptr 0x65[bp],0x6620 
06BC                          L$91:
06BC    6F                        outsw       
06BD    72 20                     jb          L$94 
06BF    44                        inc         sp 
06C0    4F                        dec         di 
06C1    53                        push        bx 
06C2    2C 20                     sub         al,0x20 
06C4                          L$92:
06C4    72 75                     jb          L$107 
06C6    6E                        outsb       
06C7    6E                        outsb       
06C8    69 6E 67 20 6F            imul        bp,word ptr 0x67[bp],0x6f20 
06CD    76 65                     jbe         L$106 
06CF    72 20                     jb          L$95 
06D1    72 61                     jb          L$106 
06D3    77 20                     ja          L$97 
06D5    65 74 68                  je          L$108 
06D8    65 72 6E                  jb          L$110 
06DB    65 74                                           et
06DD                          L$93:
06DD    2E 0D 0A 53                                     DD		     06DD
				; The label referred to here is an undefined location
L$100
06E1                          L$94:
06E1    70 65                     jo          L$109 
06E3    63 69 61                  arpl        word ptr 0x61[bx+di],bp 
06E6    6C                        insb        
06E7    20 76 65                  and         byte ptr 0x65[bp],dh 
06EA    72 73                     jb          L$113 
06EC    69 6F 6E 20 66            imul        bp,word ptr 0x6e[bx],0x6620 
06F1                          L$95:
06F1    6F                        outsw       
06F2    72                                              r
06F3                          L$96:
06F3    20 44 4F 53                                     DD		     06F3
				; The label referred to here is an undefined location
L$101
06F7                          L$97:
06F7    20 33                     and         byte ptr [bp+di],dh 
06F9    2E 32 30                  xor         dh,byte ptr cs:[bx+si] 
06FC    20 2D                     and         byte ptr [di],ch 
06FE    20 33                     and         byte ptr [bp+di],dh 
0700    2E                                              .
0701                          L$98:
0701    33 30                     xor         si,word ptr [bx+si] 
0703    20 6F                                            o
0705                          L$99:
0705    6E                        outsb       
0706    6C                        insb        
0707    79 20                     jns         L$105 
0709    2F                        das         
070A    20 28                     and         byte ptr [bx+si],ch 
070C                          L$100:
070C    43                        inc         bx 
070D    29 20                     sub         word ptr [bx+si],sp 
070F    32 30                     xor         dh,byte ptr [bx+si] 
0711    32 33                     xor         dh,byte ptr [bp+di] 
0713    20                                               
0714                          L$101:
0714    46                        inc         si 
0715                          L$102:
0715    72 61                     jb          0x00000778 
0717    6E                        outsb       
0718    6B 20 48                  imul        sp,word ptr [bx+si],0x0048 
071B    61                        popa        
071C    65 73 65                  jae         L$114 
071F                          L$103:
071F    6C                        insb        
0720    65 72 2E                  jb          L$111 
0723    0D 0A 0D                  or          ax,0x0d0a 
0726    0A 55                                           .U
0728                          L$104:
0728    73                                              s
0729                          L$105:
0729    61                        popa        
072A    67 65 3A 20               cmp         ah,byte ptr gs:[eax] 
072E    65 74 68                  je          L$118 
0731    65 72 64                  jb          L$117 
0734                          L$106:
0734    66 73 20                  jae         L$112 
0737    53                        push        bx 
0738    52                        push        dx 
0739    56                        push        si 
073A    4D                        dec         bp 
073B                          L$107:
073B    41                        inc         cx 
073C    43                        inc         bx 
073D    20 72 64                  and         byte ptr 0x64[bp+si],dh 
0740                          L$108:
0740    72 76                     jb          L$119 
0742    2D 6C 64                  sub         ax,0x646c 
0745    72 76                     jb          L$121 
0747    20                                               
0748                          L$109:
0748    5B                        pop         bx 
0749                          L$110:
0749    72 64                     jb          0x000007af 
074B    72 76                     jb          L$123 
074D    32 2D                     xor         ch,byte ptr [di] 
074F    6C                        insb        
0750    64                                              d
0751                          L$111:
0751    72 76                     jb          L$126 
0753    32 20                     xor         ah,byte ptr [bx+si] 
0755    2E 2E                                           ..
0757                          L$112:
0757    2E 5D                     pop         bp 
0759    20 5B 6F                  and         byte ptr 0x6f[bp+di],bl 
075C    70 74                     jo          L$127 
075E    69                                              i
075F                          L$113:
075F    6F                        outsw       
0760    6E                        outsb       
0761    73 5D                     jae         0x000007c0 
0763    0D 0A 20                  or          ax,0x200a 
0766    20 20                     and         byte ptr [bx+si],ah 
0768    20 20                     and         byte ptr [bx+si],ah 
076A    20 20                     and         byte ptr [bx+si],ah 
076C    65 74 68                  je          L$129 
076F    65 72 64                  jb          L$128 
0772    66 73 20                  jae         L$116 
0775    2F                        das         
0776    75 0D                     jne         L$115 
0778    0A 0D                     or          cl,byte ptr [di] 
077A    0A 4F 70                  or          cl,byte ptr 0x70[bx] 
077D    74 69                     je          L$130 
077F    6F                        outsw       
0780    6E                        outsb       
0781    73 3A                     jae         L$121 
0783    0D                                              .
0784                          L$114:
0784    0A                                              .
0785                          L$115:
0785    20 20                     and         byte ptr [bx+si],ah 
0787    2F                        das         
0788    70 3D                     jo          L$125 
078A    58                        pop         ax 
078B    58                        pop         ax 
078C    20 20                     and         byte ptr [bx+si],ah 
078E    20 75 73                  and         byte ptr 0x73[di],dh 
0791    65 20 70 61               and         byte ptr gs:0x61[bx+si],dh 
0795                          L$116:
0795    63 6B 65                  arpl        word ptr 0x65[bp+di],bp 
0798                          L$117:
0798    74                                              t
0799                          L$118:
0799    20 64 72 69                                     DD		     0799
				; The label referred to here is an undefined location
L$120
079D    76 65                     jbe         L$132 
079F    72 20                     jb          L$122 
07A1    61                        popa        
07A2    74 20                     je          L$124 
07A4    69 6E 74 65 72            imul        bp,word ptr 0x74[bp],0x7265 
07A9    72 75                     jb          L$136 
07AB    70 74                     jo          L$137 
07AD    20 58 58                  and         byte ptr 0x58[bx+si],bl 
07B0    20 28                     and         byte ptr [bx+si],ch 
07B2    61                        popa        
07B3    75 74                     jne         L$139 
07B5    6F                        outsw       
07B6    64 65                                           de
07B8                          L$119:
07B8    74 65                     je          L$135 
07BA                          L$120:
07BA    63 74 20                  arpl        word ptr 0x20[si],si 
07BD                          L$121:
07BD    6F                        outsw       
07BE    74 68                     je          L$138 
07C0    65                                              e
07C1                          L$122:
07C1    72 77                     jb          L$140 
07C3                          L$123:
07C3    69                                              i
07C4                          L$124:
07C4    73 65                     jae         0x0000082b 
07C6    29                                              )
07C7                          L$125:
07C7    0D 0A                                           ..
07C9                          L$126:
07C9    20 20                     and         byte ptr [bx+si],ah 
07CB    2F                        das         
07CC    6E                        outsb       
07CD    20 20                     and         byte ptr [bx+si],ah 
07CF    20 20                     and         byte ptr [bx+si],ah 
07D1    20                                               
07D2                          L$127:
07D2    20 64 69                  and         byte ptr 0x69[si],ah 
07D5    73                                              s
07D6                          L$128:
07D6    61                        popa        
07D7                          L$129:
07D7    62 6C 65                  bound       bp,word ptr 0x65[si] 
07DA    20 45 74                  and         byte ptr 0x74[di],al 
07DD    68 65 72                  push        0x7265 
07E0    44                        inc         sp 
07E1    46                        inc         si 
07E2    53                        push        bx 
07E3    20 63 68                  and         byte ptr 0x68[bp+di],ah 
07E6    65 63                                           ec
07E8                          L$130:
07E8    6B 73 75 6D               imul        si,word ptr 0x75[bp+di],L$141 
07EC    73 0D                     jae         L$131 
07EE    0A 20                     or          ah,byte ptr [bx+si] 
07F0    20 2F                     and         byte ptr [bx],ch 
07F2    71 20                     jno         L$134 
07F4    20 20                     and         byte ptr [bx+si],ah 
07F6    20 20                     and         byte ptr [bx+si],ah 
07F8    20 71 75                  and         byte ptr 0x75[bx+di],dh 
07FB                          L$131:
07FB    69 65 74 20 6D            imul        sp,word ptr 0x74[di],0x6d20 
0800    6F                        outsw       
0801    64 65 20                                        de 
0804                          L$132:
0804    28 70                                           (p
0806                          L$133:
0806    72 69 6E 74                                     DD		     0806
				; The label referred to here is an undefined location
L$145
080A    20 6E 6F                  and         byte ptr 0x6f[bp],ch 
080D    74 68                     je          L$144 
080F    69 6E 67 20 69            imul        bp,word ptr 0x67[bp],0x6920 
0814                          L$134:
0814    66 20 6C 6F               and         byte ptr 0x6f[si],ch 
0818    61                        popa        
0819    64 65 64 2F               das         
081D    75 6E                     jne         L$146 
081F                          L$135:
081F    6C                        insb        
0820                          L$136:
0820    6F                        outsw       
0821                          L$137:
0821    61                        popa        
0822    64 65 64 20 73 75         and         byte ptr 
0828                          L$138:
0828    63                                              c
0829                          L$139:
0829    63 65 73                  arpl        word ptr 0x73[di],sp 
082C    73 66 75 6C                                     DD		     082C
				; The label referred to here is an undefined location
L$149
0830    6C                        insb        
0831    79 29                     jns         L$143 
0833    0D 0A 20                  or          ax,0x200a 
0836    20 2F                     and         byte ptr [bx],ch 
0838    75 20                     jne         L$142 
083A                          L$140:
083A    20 20                     and         byte ptr [bx+si],ah 
083C    20 20                     and         byte ptr [bx+si],ah 
083E    20 75 6E                  and         byte ptr 0x6e[di],dh 
0841    6C                        insb        
0842    6F                        outsw       
0843    61                        popa        
0844    64 20 45 74               and         byte ptr fs:0x74[di],al 
0848    68 65 72                  push        0x7265 
084B    44                        inc         sp 
084C    46                        inc         si 
084D    53                        push        bx 
084E    20 66 72                  and         byte ptr 0x72[bp],ah 
0851    6F                        outsw       
0852    6D                        insw        
0853    20 6D 65                  and         byte ptr 0x65[di],ch 
0856    6D                        insw        
0857    6F                        outsw       
0858    72                                              r
0859                          L$141:
0859    79 0D 0A 0D                                     DD		     0859
				; The label referred to here is an undefined location
L$153
085D                          L$142:
085D                          L$143:
085D    0A 55 73                  or          dl,byte ptr 0x73[di] 
0860    65 20 27                  and         byte ptr gs:[bx],ah 
0863    3A 3A                     cmp         bh,byte ptr [bp+si] 
0865    27                        daa         
0866    20 61 73                  and         byte ptr 0x73[bx+di],ah 
0869    20 53 52                  and         byte ptr 0x52[bp+di],dl 
086C    56                        push        si 
086D    4D                        dec         bp 
086E    41                        inc         cx 
086F    43                        inc         bx 
0870    20 66 6F                  and         byte ptr 0x6f[bp],ah 
0873    72 20                     jb          L$147 
0875    73 65                     jae         L$154 
0877                          L$144:
0877    72 76                     jb          L$157 
0879                          L$145:
0879    65 72 20                  jb          L$148 
087C    61                        popa        
087D    75 74                     jne         L$159 
087F    6F                        outsw       
0880    2D 64 69                  sub         ax,0x6964 
0883    73 63                     jae         L$155 
0885    6F                        outsw       
0886    76 65                     jbe         L$156 
0888    72 79                     jb          L$162 
088A    2E 0D 0A                                        ...
088D                          L$146:
088D    0D 0A 45                  or          ax,0x450a 
0890    78 61                     js          0x000008f3 
0892    6D                        insw        
0893    70 6C                     jo          L$161 
0895                          L$147:
0895    65 73 3A                  jae         L$152 
0898    20 20                     and         byte ptr [bx+si],ah 
089A    65 74                                           et
089C                          L$148:
089C    68 65 72 64                                     DD		     089C
				; The label referred to here is an undefined location
L$164
08A0                          L$149:
08A0    66 73 20                  jae         L$150 
08A3    36 64 3A 34               cmp         dh,byte ptr 
08A7    66 3A 34                  cmp         dh,byte ptr [si] 
08AA    61                        popa        
08AB    3A 34                     cmp         dh,byte ptr [si] 
08AD    64 3A 34                  cmp         dh,byte ptr fs:[si] 
08B0    39 3A                     cmp         word ptr [bp+si],di 
08B2    35 32 20                  xor         ax,0x2032 
08B5    43                        inc         bx 
08B6    2D 46 20                  sub         ax,0x2046 
08B9    2F                        das         
08BA    71 0D                     jno         L$151 
08BC    0A 20                     or          ah,byte ptr [bx+si] 
08BE    20 20                     and         byte ptr [bx+si],ah 
08C0    20 20                     and         byte ptr [bx+si],ah 
08C2    20                                               
08C3                          L$150:
08C3    20 20                     and         byte ptr [bx+si],ah 
08C5    20 20                     and         byte ptr [bx+si],ah 
08C7    20 65                                            e
08C9                          L$151:
08C9    74 68                     je          L$169 
08CB    65 72 64                  jb          L$168 
08CE    66 73 20                  jae         L$158 
08D1    3A                                              :
08D2                          L$152:
08D2    3A                                              :
08D3                          L$153:
08D3    20 43 2D                  and         byte ptr 0x2d[bp+di],al 
08D6    58                        pop         ax 
08D7    20 44 2D                  and         byte ptr 0x2d[si],al 
08DA    59                        pop         cx 
08DB    20                                               
08DC                          L$154:
08DC    45                        inc         bp 
08DD    2D 5A 20                  sub         ax,0x205a 
08E0    2F                        das         
08E1    70 3D                     jo          L$167 
08E3    36 46                     inc         si 
08E5    0D 0A 24                  or          ax,0x240a 
08E8                          L$155:
08E8    5A                        pop         dx 
08E9    0E                        push        cs 
08EA    1F                        pop         ds 
08EB    B4 09                     mov         ah,0x09 
08ED                          L$156:
08ED    CD 21                     int         0x21 
08EF                          L$157:
08EF    58                        pop         ax 
08F0    5A                        pop         dx 
08F1                          L$158:
08F1    1F                        pop         ds 
08F2    E9                                              .
08F3                          L$159:
08F3    7F 06 B4 30                                     DD		     08F3
				; The label referred to here is an undefined location
L$302
08F7                          L$160:
08F7    CD 21                     int         0x21 
08F9    3C 03                     cmp         al,0x03 
08FB    75 0C                     jne         L$165 
08FD    80 FC 14                  cmp         ah,0x14 
0900    72                                              r
0901                          L$161:
0901    07 88 86 FE                                     DD		     0901
				; The label referred to here is an undefined location
L$165
0905                          L$162:
0905                          L$163:
0905                          L$164:
0905    FF E9                     jmp         cx 
0907    05 00 C6 86                                     DD		     0907
				; The label referred to here is an undefined location
L$166
090B                          L$165:
090B    FE                        ????        
090C    FF 00                     inc         word ptr [bx+si] 
090E                          L$166:
090E    80 7E FE 03               cmp         byte ptr -0x2[bp],0x03 
0912    73 5E                     jae         L$171 
0914    1E                        push        ds 
0915    52                        push        dx 
0916    50                        push        ax 
0917    E8 4B 00                  call        L$170 
091A    57                        push        di 
091B    72 6F                     jb          L$173 
091D    6E                        outsb       
091E    67 20                                           g 
0920                          L$167:
0920    44                        inc         sp 
0921    4F                        dec         di 
0922    53                        push        bx 
0923    20 76 65                  and         byte ptr 0x65[bp],dh 
0926    72 73                     jb          L$174 
0928    69 6F 6E 21 20            imul        bp,word ptr 0x6e[bx],0x2021 
092D    54                        push        sp 
092E    68 69 73                  push        0x7369 
0931    20                                               
0932                          L$168:
0932    76                                              v
0933                          L$169:
0933    65 72 73                  jb          L$175 
0936    69 6F 6E 20 6F            imul        bp,word ptr 0x6e[bx],0x6f20 
093B    66 20 45 74               and         byte ptr 0x74[di],al 
093F    68 65 72                  push        0x7265 
0942    44                        inc         sp 
0943    46                        inc         si 
0944    53                        push        bx 
0945    20 72 65                  and         byte ptr 0x65[bp+si],dh 
0948    71 75                     jno         L$177 
094A    69 72 65 73 20            imul        si,word ptr 0x65[bp+si],0x2073 
094F    4D                        dec         bp 
0950    53                        push        bx 
0951    2D 44 4F                  sub         ax,0x4f44 
0954    53                        push        bx 
0955    20 33                     and         byte ptr [bp+di],dh 
0957    2E 32 30                  xor         dh,byte ptr cs:[bx+si] 
095A    20 2D                     and         byte ptr [di],ch 
095C    20 33                     and         byte ptr [bp+di],dh 
095E    2E 33 30                  xor         si,word ptr cs:[bx+si] 
0961    2E 0D 0A 24               or          ax,0x240a 
0965                          L$170:
0965    5A                        pop         dx 
0966    0E                        push        cs 
0967    1F                        pop         ds 
0968    B4 09                     mov         ah,0x09 
096A    CD 21                     int         0x21 
096C    58                        pop         ax 
096D    5A                        pop         dx 
096E    1F                        pop         ds 
096F    E9 02 06                  jmp         L$302 
0972                          L$171:
0972    C6 86 FE FF 00            mov         byte ptr -0x2[bp],0x00 
0977    B8 00 11                  mov         ax,0x1100 
097A    CD 2F                     int         0x2f 
097C    48                        dec         ax 
097D    75 05                     jne         L$172 
097F    C6 86 FE FF 01            mov         byte ptr -0x2[bp],0x01 
0984                          L$172:
0984    80 7E FE 00               cmp         byte ptr -0x2[bp],0x00 
0988    74 62                     je          L$181 
098A    1E                        push        ds 
098B    52                        push        dx 
098C                          L$173:
098C    50                        push        ax 
098D    E8 4F 00                  call        L$179 
0990    52                        push        dx 
0991    65 64 69 72 65 63 74      imul        si,word ptr 
0998    6F                        outsw       
0999    72 20                     jb          L$176 
099B                          L$174:
099B    69 6E 73 74 61            imul        bp,word ptr 0x73[bp],0x6174 
09A0    6C                        insb        
09A1    6C                        insb        
09A2    61                        popa        
09A3    74 69                     je          L$184 
09A5    6F                        outsw       
09A6    6E                        outsb       
09A7    20 68                                            h
09A9                          L$175:
09A9    61                        popa        
09AA    73 20                     jae         L$178 
09AC    62 65 65                  bound       sp,word ptr 0x65[di] 
09AF    6E                        outsb       
09B0    20 66 6F                  and         byte ptr 0x6f[bp],ah 
09B3    72 62                     jb          L$185 
09B5    69 64 64 65 6E            imul        sp,word ptr 0x64[si],0x6e65 
09BA    20                                               
09BB                          L$176:
09BB    65 69 74                                        eit
09BE    68 65 72 20                                     DD		     09BE
				; The label referred to here is an undefined location
L$186
09BF                          L$177:
09BF    65 72 20                  jb          L$180 
09C2    62 79 20                  bound       di,word ptr 0x20[bx+di] 
09C5    44                        inc         sp 
09C6    4F                        dec         di 
09C7    53                        push        bx 
09C8    20 6F 72                  and         byte ptr 0x72[bx],ch 
09CB    20                                               
09CC                          L$178:
09CC    61                        popa        
09CD    6E                        outsb       
09CE    6F                        outsw       
09CF    74 68                     je          L$188 
09D1    65 72 20                  jb          L$182 
09D4    70 72                     jo          L$190 
09D6    6F                        outsw       
09D7    63 65 73                  arpl        word ptr 0x73[di],sp 
09DA    73 2E                     jae         L$183 
09DC    0D 0A 24                  or          ax,0x240a 
09DF                          L$179:
09DF    5A                        pop         dx 
09E0    0E                        push        cs 
09E1    1F                        pop         ds 
09E2                          L$180:
09E2    B4 09                     mov         ah,0x09 
09E4    CD 21                     int         0x21 
09E6    58                        pop         ax 
09E7    5A                        pop         dx 
09E8    1F                        pop         ds 
09E9    E9 88 05                  jmp         L$302 
09EC                          L$181:
09EC    F6 46 DC 04               test        byte ptr -0x24[bp],0x04 
09F0    74 56                     je          L$190 
09F2    8D 46                                           .F
09F4                          L$182:
09F4    FE                        ????        
09F5    E8 00 00                  call        findfreemultiplex_ 
09F8    88 46 FA                  mov         byte ptr -0x6[bp],al 
09FB    80 7E FE 00               cmp         byte ptr -0x2[bp],0x00 
09FF    75 4A                     jne         L$191 
0A01    1E                        push        ds 
0A02    52                        push        dx 
0A03    50                        push        ax 
0A04    E8 34 00                  call        L$189 
0A07    45                        inc         bp 
0A08    74 68                     je          L$194 
0A0A                          L$183:
0A0A    65 72 44                  jb          L$193 
0A0D    46                        inc         si 
0A0E                          L$184:
0A0E    53                        push        bx 
0A0F    20 69 73                  and         byte ptr 0x73[bx+di],ch 
0A12    20 6E 6F                  and         byte ptr 0x6f[bp],ch 
0A15    74 20                     je          L$187 
0A17                          L$185:
0A17    6C                        insb        
0A18    6F                        outsw       
0A19    61                        popa        
0A1A    64 65 64 2C 20            sub         al,0x20 
0A1F    73 6F                     jae         L$196 
0A21    20 69 74                  and         byte ptr 0x74[bx+di],ch 
0A24    20 63 61                  and         byte ptr 0x61[bp+di],ah 
0A27                          L$186:
0A27    6E                        outsb       
0A28    6E                        outsb       
0A29    6F                        outsw       
0A2A    74 20                     je          L$192 
0A2C    62 65 20                  bound       sp,word ptr 0x20[di] 
0A2F    75 6E                     jne         L$197 
0A31    6C                        insb        
0A32    6F                        outsw       
0A33    61                        popa        
0A34    64 65 64                                        ded
0A37                          L$187:
0A37    2E 0D                                           ..
0A39                          L$188:
0A39    0A 24                     or          ah,byte ptr [si] 
0A3B                          L$189:
0A3B    5A                        pop         dx 
0A3C    0E                        push        cs 
0A3D    1F                        pop         ds 
0A3E    B4 09                     mov         ah,0x09 
0A40    CD 21                     int         0x21 
0A42    58                        pop         ax 
0A43    5A                        pop         dx 
0A44    1F                        pop         ds 
0A45    E9 2C 05                  jmp         L$302 
0A48                          L$190:
0A48    E9 1E 02                  jmp         L$223 
0A4B                          L$191:
0A4B    50                        push        ax 
0A4C                          L$192:
0A4C    53                        push        bx 
0A4D    06                        push        es 
0A4E    B8 2F 35                  mov         ax,0x352f 
0A51                          L$193:
0A51    CD 21                     int         0x21 
0A53    8C 86 EE FF               mov         word ptr -0x12[bp],es 
0A57    89 9E E6 FF               mov         word ptr -0x1a[bp],bx 
0A5B    07                        pop         es 
0A5C    5B                        pop         bx 
0A5D    58                        pop         ax 
0A5E    8B 76 E6                  mov         si,word ptr -0x1a[bp] 
0A61    8E 46 EE                  mov         es,word ptr -0x12[bp] 
0A64    83 C6 18                  add         si,0x0018 
0A67    26 80 3C 4D               cmp         byte ptr es:[si],0x4d 
0A6B    75 15                     jne         L$195 
0A6D    26 80 7C 01 56            cmp         byte ptr es:0x1[si],0x56 
0A72                          L$194:
0A72    75 0E                     jne         L$195 
0A74    26 80 7C 02 65            cmp         byte ptr es:0x2[si],0x65 
0A79    75 07                     jne         L$195 
0A7B    26 80 7C 03 74            cmp         byte ptr es:0x3[si],0x74 
0A80    74 63                     je          L$202 
0A82                          L$195:
0A82    1E                        push        ds 
0A83    52                        push        dx 
0A84    50                        push        ax 
0A85    E8 50 00                  call        L$201 
0A88    45                        inc         bp 
0A89    74 68                     je          L$204 
0A8B    65 72 44                  jb          L$199 
0A8E    46                        inc         si 
0A8F    53                        push        bx 
0A90                          L$196:
0A90    20 63 61                  and         byte ptr 0x61[bp+di],ah 
0A93    6E                        outsb       
0A94    6E                        outsb       
0A95    6F                        outsw       
0A96    74 20                     je          L$198 
0A98    62 65 20                  bound       sp,word ptr 0x20[di] 
0A9B    75 6E                     jne         L$207 
0A9D    6C                        insb        
0A9E    6F                        outsw       
0A9F                          L$197:
0A9F    61                        popa        
0AA0    64 65 64 20 62 65         and         byte ptr 
0AA6    63 61 75                  arpl        word ptr 0x75[bx+di],sp 
0AA9    73 65                     jae         L$208 
0AAB    20 61 6E                  and         byte ptr 0x6e[bx+di],ah 
0AAE    6F                        outsw       
0AAF    74 68                     je          L$209 
0AB1    65 72 20                  jb          L$200 
0AB4    54                        push        sp 
0AB5    53                        push        bx 
0AB6    52                        push        dx 
0AB7    20                                               
0AB8                          L$198:
0AB8    68 6F 6F                  push        0x6f6f 
0ABB    6B 65 64 20               imul        sp,word ptr 0x64[di],0x0020 
0ABF    69 74 73 20 69            imul        si,word ptr 0x73[si],0x6920 
0AC4    6E                        outsb       
0AC5    74 65                     je          L$210 
0AC7    72 72                     jb          L$211 
0AC9    75 70                     jne         L$211 
0ACB    74 20                     je          L$203 
0ACD    68 61 6E                  push        0x6e61 
0AD0    64 6C                     ins         byte ptr [di],dx 
0AD2                          L$199:
0AD2    65 72                                           er
0AD4                          L$200:
0AD4    2E 0D 0A 24                                     DD		     0AD4
				; The label referred to here is an undefined location
L$205
0AD8                          L$201:
0AD8    5A                        pop         dx 
0AD9    0E                        push        cs 
0ADA    1F                        pop         ds 
0ADB    B4 09                     mov         ah,0x09 
0ADD    CD 21                     int         0x21 
0ADF    58                        pop         ax 
0AE0    5A                        pop         dx 
0AE1    1F                        pop         ds 
0AE2    E9 8F 04                  jmp         L$302 
0AE5                          L$202:
0AE5    50                        push        ax 
0AE6    53                        push        bx 
0AE7    51                        push        cx 
0AE8    9C                        pushf       
0AE9    8A A6 FA FF               mov         ah,byte ptr -0x6[bp] 
0AED                          L$203:
0AED    B0 01                     mov         al,0x01 
0AEF    B9 86 4D                  mov         cx,0x4d86 
0AF2    C7                                              .
0AF3                          L$204:
0AF3    86 EE                     xchg        dh,ch 
0AF5    FF                        ????        
0AF6    FF                        ????        
0AF7    FF CD                     dec         bp 
0AF9    2F                        das         
0AFA    85 C0                     test        ax,ax 
0AFC    75 0C                     jne         L$206 
0AFE    89 9E EE FF               mov         word ptr -0x12[bp],bx 
0B02    89                                              .
0B03                          L$205:
0B03    8E E6                     mov         fs,si 
0B05    FF 89 96 F0               dec         word ptr -0xf6a[bx+di] 
0B09    FF                                              .
0B0A                          L$206:
0B0A    9D                        popf        
0B0B                          L$207:
0B0B    59                        pop         cx 
0B0C    5B                        pop         bx 
0B0D    58                        pop         ax 
0B0E    83 7E                                           .~
0B10                          L$208:
0B10    EE                        out         dx,al 
0B11    FF 75 38                  push        word ptr L$213[di] 
0B14    1E                        push        ds 
0B15    52                        push        dx 
0B16    50                        push        ax 
0B17    E8                                              .
0B18    25 00 43 6F                                     DD		     0B18
				; The label referred to here is an undefined location
L$212
0B19                          L$209:
0B19    00 43 6F                  add         byte ptr 0x6f[bp+di],al 
0B1C    6D                        insw        
0B1D    6D                        insw        
0B1E    75 6E                     jne         L$214 
0B20    69 63 61 74 69            imul        sp,word ptr 0x61[bp+di],0x6974 
0B25    6F                        outsw       
0B26    6E                        outsb       
0B27    20 77 69                  and         byte ptr 0x69[bx],dh 
0B2A    74 68                     je          L$215 
0B2C                          L$210:
0B2C    20 74 68                  and         byte ptr 0x68[si],dh 
0B2F    65 20 54 53               and         byte ptr gs:0x53[si],dl 
0B33    52                        push        dx 
0B34    20 66 61                  and         byte ptr 0x61[bp],ah 
0B37    69 6C 65 64                                     iled
0B3B                          L$211:
0B3B    2E 0D 0A 24               or          ax,0x240a 
0B3F                          L$212:
0B3F    5A                        pop         dx 
0B40    0E                        push        cs 
0B41    1F                        pop         ds 
0B42    B4 09                     mov         ah,0x09 
0B44    CD 21                     int         0x21 
0B46    58                        pop         ax 
0B47    5A                        pop         dx 
0B48    1F                        pop         ds 
0B49    E9 28 04                  jmp         L$302 
0B4C                          L$213:
0B4C    8B 5E E6                  mov         bx,word ptr -0x1a[bp] 
0B4F    89 5E E2                  mov         word ptr -0x1e[bp],bx 
0B52    8B 46 EE                  mov         ax,word ptr -0x12[bp] 
0B55    89 46 E4                  mov         word ptr -0x1c[bp],ax 
0B58    89 5E F4                  mov         word ptr -0xc[bp],bx 
0B5B    89 46 F6                  mov         word ptr -0xa[bp],ax 
0B5E    8B 46 EE                  mov         ax,word ptr -0x12[bp] 
0B61    89 46 F0                  mov         word ptr -0x10[bp],ax 
0B64    8E 46 E4                  mov         es,word ptr -0x1c[bp] 
0B67    89 DE                     mov         si,bx 
0B69    26 8B 04                  mov         ax,word ptr es:[si] 
0B6C    89 46 EE                  mov         word ptr -0x12[bp],ax 
0B6F    26 8B 44 02               mov         ax,word ptr es:0x2[si] 
0B73    89 46 E6                  mov         word ptr -0x1a[bp],ax 
0B76    50                        push        ax 
0B77    1E                        push        ds 
0B78    52                        push        dx 
0B79    8B 86 EE FF               mov         ax,word ptr -0x12[bp] 
0B7D    50                        push        ax 
0B7E    1F                        pop         ds 
0B7F    8B 96 E6 FF               mov         dx,word ptr -0x1a[bp] 
0B83    B8 2F 25                  mov         ax,0x252f 
0B86    CD 21                     int         0x21 
0B88    5A                        pop         dx 
0B89    1F                        pop         ds 
0B8A    58                        pop         ax 
0B8B    C4 76 E2                  les         si,dword ptr -0x1e[bp] 
0B8E                          L$214:
0B8E    26 8A 44 08               mov         al,byte ptr es:0x8[si] 
0B92    88 46                                           .F
0B94                          L$215:
0B94    FC                        cld         
0B95    50                        push        ax 
0B96    53                        push        bx 
0B97    06                        push        es 
0B98    B4 35                     mov         ah,0x35 
0B9A    8A 86 FC FF               mov         al,byte ptr -0x4[bp] 
0B9E    CD 21                     int         0x21 
0BA0    8C 86 EE FF               mov         word ptr -0x12[bp],es 
0BA4    89 9E E6 FF               mov         word ptr -0x1a[bp],bx 
0BA8    07                        pop         es 
0BA9    5B                        pop         bx 
0BAA    58                        pop         ax 
0BAB    8B 46 EE                  mov         ax,word ptr -0x12[bp] 
0BAE    89 46 DE                  mov         word ptr -0x22[bp],ax 
0BB1    C7 46 E0 00 00            mov         word ptr -0x20[bp],0x0000 
0BB6    B9 10 00                  mov         cx,0x0010 
0BB9                          L$216:
0BB9    D1 66 DE                  shl         word ptr -0x22[bp],0x01 
0BBC    D1 56 E0                  rcl         word ptr -0x20[bp],0x01 
0BBF    E2 F8                     loop        L$216 
0BC1    8B 46 E6                  mov         ax,word ptr -0x1a[bp] 
0BC4    09 46 DE                  or          word ptr -0x22[bp],ax 
0BC7    8B 46 E0                  mov         ax,word ptr -0x20[bp] 
0BCA    89 46 E0                  mov         word ptr -0x20[bp],ax 
0BCD    C4 76 E2                  les         si,dword ptr -0x1e[bp] 
0BD0    26 8B 44 06               mov         ax,word ptr es:0x6[si] 
0BD4    89 46 F8                  mov         word ptr -0x8[bp],ax 
0BD7    50                        push        ax 
0BD8    53                        push        bx 
0BD9    B4 03                     mov         ah,0x03 
0BDB    8B 9E F8 FF               mov         bx,word ptr -0x8[bp] 
0BDF    9C                        pushf       
0BE0    FA                        cli         
0BE1    FF 9E DE FF               call        dword ptr -0x22[bp] 
0BE5    5B                        pop         bx 
0BE6    58                        pop         ax 
0BE7    C7 46 F2 00 00            mov         word ptr -0xe[bp],0x0000 
0BEC    EB 09                     jmp         L$218 
0BEE                          L$217:
0BEE    FF 46 F2                  inc         word ptr -0xe[bp] 
0BF1    83 7E F2 1A               cmp         word ptr -0xe[bp],0x001a 
0BF5    7D 27                     jge         L$220 
0BF7                          L$218:
0BF7    C4 76 F4                  les         si,dword ptr -0xc[bp] 
0BFA    03 76 F2                  add         si,word ptr -0xe[bp] 
0BFD    26 80 7C 09 FF            cmp         byte ptr es:0x9[si],0xff 
0C02    74 EA                     je          L$217 
0C04    8B 46 F2                  mov         ax,word ptr -0xe[bp] 
0C07    E8 00 00                  call        getcds_ 
0C0A    89 C6                     mov         si,ax 
0C0C    85 D2                     test        dx,dx 
0C0E    75 04                     jne         L$219 
0C10    85 C0                     test        ax,ax 
0C12    74 DA                     je          L$217 
0C14                          L$219:
0C14    8E C2                     mov         es,dx 
0C16    26 C7 44 43 00 00         mov         word ptr es:0x43[si],0x0000 
0C1C    EB D0                     jmp         L$217 
0C1E                          L$220:
0C1E    8B 46 F0                  mov         ax,word ptr -0x10[bp] 
0C21    E8 00 00                  call        freeseg_ 
0C24    C4 76 F4                  les         si,dword ptr -0xc[bp] 
0C27    26 8B 44 04               mov         ax,word ptr es:0x4[si] 
0C2B    E8 00 00                  call        freeseg_ 
0C2E    F6 46 DC 01               test        byte ptr -0x24[bp],0x01 
0C32    75 32                     jne         L$222 
0C34    1E                        push        ds 
0C35    52                        push        dx 
0C36    50                        push        ax 
0C37    E8 22 00                  call        L$221 
0C3A    45                        inc         bp 
0C3B    74 68                     je          L$226 
0C3D    65 72 44                  jb          L$224 
0C40    46                        inc         si 
0C41    53                        push        bx 
0C42    20 75 6E                  and         byte ptr 0x6e[di],dh 
0C45    6C                        insb        
0C46    6F                        outsw       
0C47    61                        popa        
0C48    64 65 64 20 73 75         and         byte ptr 
0C4E    63 63 65                  arpl        word ptr 0x65[bp+di],sp 
0C51    73 73                     jae         L$229 
0C53    66 75 6C                  jne         L$227 
0C56    6C                        insb        
0C57    79 2E                     jns         L$225 
0C59    0D 0A 24                  or          ax,0x240a 
0C5C                          L$221:
0C5C    5A                        pop         dx 
0C5D    0E                        push        cs 
0C5E    1F                        pop         ds 
0C5F    B4 09                     mov         ah,0x09 
0C61    CD 21                     int         0x21 
0C63    58                        pop         ax 
0C64    5A                        pop         dx 
0C65    1F                        pop         ds 
0C66                          L$222:
0C66    E9 24 06                  jmp         L$350 
0C69                          L$223:
0C69    B8 2F 35                  mov         ax,0x352f 
0C6C    06                        push        es 
0C6D    53                        push        bx 
0C6E    CD 21                     int         0x21 
0C70    8C 06 00 00               mov         word ptr _glob_data,es 
0C74    89 1E 02 00               mov         word ptr _glob_data+0x2,bx 
0C78    5B                        pop         bx 
0C79    07                        pop         es 
0C7A    8D 46 FE                  lea         ax,-0x2[bp] 
0C7D    E8 00 00                  call        findfreemultiplex_ 
0C80    A2 00 00                  mov         byte ptr _glob_multiplexid,al 
0C83    80                                              .
0C84                          L$224:
0C84    7E FE                     jle         0x00000c84 
0C86    00                                              .
0C87                          L$225:
0C87    74 4F                     je          L$231 
0C89    1E                        push        ds 
0C8A    52                        push        dx 
0C8B    50                        push        ax 
0C8C    E8 3C 00                  call        L$230 
0C8F    45                        inc         bp 
0C90    74 68                     je          L$233 
0C92    65 72 44                  jb          L$232 
0C95    46                        inc         si 
0C96    53                        push        bx 
0C97    20 69 73                  and         byte ptr 0x73[bx+di],ch 
0C9A    20 61 6C                  and         byte ptr 0x6c[bx+di],ah 
0C9D    72 65                     jb          L$234 
0C9F    61                        popa        
0CA0    64 79 20                  jns         L$228 
0CA3    69 6E                                           in
0CA5                          L$226:
0CA5    73 74                     jae         0x00000d1b 
0CA7    61                        popa        
0CA8    6C                        insb        
0CA9    6C                        insb        
0CAA    65 64 20 61 6E            and         byte ptr 
0CAF    64 20 63 61               and         byte ptr fs:0x61[bp+di],ah 
0CB3    6E                        outsb       
0CB4    6E                        outsb       
0CB5    6F                        outsw       
0CB6    74 20                     je          L$231 
0CB8    62 65 20                  bound       sp,word ptr 0x20[di] 
0CBB    6C                        insb        
0CBC    6F                        outsw       
0CBD    61                        popa        
0CBE    64 65 64 20                                     ded 
0CC2                          L$227:
0CC2    74                                              t
0CC3                          L$228:
0CC3    77 69                     ja          0x00000d2e 
0CC5    63                                              c
0CC6                          L$229:
0CC6    65 2E 0D 0A 24            or          ax,0x240a 
0CCB                          L$230:
0CCB    5A                        pop         dx 
0CCC    0E                        push        cs 
0CCD    1F                        pop         ds 
0CCE    B4 09                     mov         ah,0x09 
0CD0    CD 21                     int         0x21 
0CD2    58                        pop         ax 
0CD3    5A                        pop         dx 
0CD4    1F                        pop         ds 
0CD5    E9 9C 02                  jmp         L$302 
0CD8                          L$231:
0CD8    84                                              .
0CD9                          L$232:
0CD9    C0                        ????        
0CDA    75 72                     jne         L$239 
0CDC    1E                        push        ds 
0CDD    52                        push        dx 
0CDE    50                        push        ax 
0CDF    E8 5F 00                  call        L$238 
0CE2    46                        inc         si 
0CE3    61                        popa        
0CE4    69 6C 65 64 20            imul        bp,word ptr 0x65[si],0x2064 
0CE9    74 6F                     je          L$243 
0CEB    20 66 69                  and         byte ptr 0x69[bp],ah 
0CEE    6E                        outsb       
0CEF    64 20 61 6E               and         byte ptr fs:0x6e[bx+di],ah 
0CF3    20 61 76                  and         byte ptr 0x76[bx+di],ah 
0CF6    61                        popa        
0CF7    69 6C 61                                        ila
0CFA                          L$233:
0CFA    62 6C 65                  bound       bp,word ptr 0x65[si] 
0CFD    20 49 4E                  and         byte ptr 0x4e[bx+di],cl 
0D00    54                        push        sp 
0D01    20 32                     and         byte ptr [bp+si],dh 
0D03    46                        inc         si 
0D04                          L$234:
0D04    20 6D 75                  and         byte ptr 0x75[di],ch 
0D07    6C                        insb        
0D08    74 69                     je          L$246 
0D0A    70 6C                     jo          L$248 
0D0C    65 78 20                  js          L$235 
0D0F    69 64 2E 0D 0A            imul        sp,word ptr 0x2e[si],0x0a0d 
0D14    59                        pop         cx 
0D15    6F                        outsw       
0D16    75 20                     jne         L$236 
0D18    6D                        insw        
0D19    61                        popa        
0D1A    79 20                     jns         L$237 
0D1C    68 61 76                  push        0x7661 
0D1F    65 20 6C 6F               and         byte ptr gs:0x6f[si],ch 
0D23    61                        popa        
0D24    64 65 64 20 74 6F         and         byte ptr 
0D2A    6F                        outsw       
0D2B    20 6D 61                  and         byte ptr 0x61[di],ch 
0D2E    6E                        outsb       
0D2F                          L$235:
0D2F    79 20                     jns         L$240 
0D31    54                        push        sp 
0D32    53                        push        bx 
0D33    52                        push        dx 
0D34    73 20                     jae         L$242 
0D36    61                        popa        
0D37    6C                        insb        
0D38                          L$236:
0D38    72 65                     jb          L$250 
0D3A    61                        popa        
0D3B    64                                              d
0D3C                          L$237:
0D3C    79 2E                     jns         L$245 
0D3E    0D 0A 24                  or          ax,0x240a 
0D41                          L$238:
0D41    5A                        pop         dx 
0D42    0E                        push        cs 
0D43    1F                        pop         ds 
0D44    B4 09                     mov         ah,0x09 
0D46    CD 21                     int         0x21 
0D48    58                        pop         ax 
0D49    5A                        pop         dx 
0D4A    1F                        pop         ds 
0D4B    E9 26 02                  jmp         L$302 
0D4E                          L$239:
0D4E    C7 46 F2                                        .F.
0D51                          L$240:
0D51    00 00                     add         byte ptr [bx+si],al 
0D53    EB 0C                     jmp         L$244 
0D55                          L$241:
0D55    FF                                              .
0D56                          L$242:
0D56    46                        inc         si 
0D57    F2 83 7E                                        ..~
0D5A                          L$243:
0D5A    F2 1A 7C 03               repne sbb   bh,byte ptr L$244[si] 
0D5E    E9 86 01                  jmp         L$287 
0D61                          L$244:
0D61    8B 76 F2                  mov         si,word ptr -0xe[bp] 
0D64    80 BC 09 00 FF            cmp         byte ptr _glob_data+0x9[si],0xff 
0D69    74 EA                     je          L$241 
0D6B    89                                              .
0D6C                          L$245:
0D6C    F0 E8 00 00               lock call   getcds_ 
0D70    89 C6                     mov         si,ax 
0D72    85                                              .
0D73                          L$246:
0D73    D2                        ????        
0D74    74 03                     je          L$249 
0D76                          L$247:
0D76    E9                                              .
0D77    F4 00 85 C0                                     DD		     0D77
				; The label referred to here is an undefined location
L$275
0D78                          L$248:
0D78    00                                              .
0D79                          L$249:
0D79    85 C0                     test        ax,ax 
0D7B    75 F9                     jne         L$247 
0D7D    1E                        push        ds 
0D7E    52                        push        dx 
0D7F    50                        push        ax 
0D80    E8 DD 00                  call        L$272 
0D83    55                        push        bp 
0D84    6E                        outsb       
0D85    61                        popa        
0D86    62 6C 65                  bound       bp,word ptr 0x65[si] 
0D89    20 74 6F                  and         byte ptr 0x6f[si],dh 
0D8C    20 61 63                  and         byte ptr 0x63[bx+di],ah 
0D8F    74 69                     je          L$254 
0D91    76 61                     jbe         L$253 
0D93    74 65                     je          L$254 
0D95    20 74 68                  and         byte ptr 0x68[si],dh 
0D98    65 20 6C 6F               and         byte ptr gs:0x6f[si],ch 
0D9C    63 61 6C                  arpl        word ptr 0x6c[bx+di],sp 
0D9F                          L$250:
0D9F    20 64 72                  and         byte ptr 0x72[si],ah 
0DA2    69 76 65 20 6D            imul        si,word ptr 0x65[bp],0x6d20 
0DA7    61                        popa        
0DA8    70 70                     jo          L$256 
0DAA    69 6E 67 2E 20            imul        bp,word ptr 0x67[bp],0x202e 
0DAF    59                        pop         cx 
0DB0    6F                        outsw       
0DB1    75 20                     jne         L$251 
0DB3    61                        popa        
0DB4    72 65                     jb          L$257 
0DB6    20 65 69                  and         byte ptr 0x69[di],ah 
0DB9    74 68                     je          L$258 
0DBB    65 72 20                  jb          L$252 
0DBE    75 73                     jne         L$261 
0DC0    69 6E 67 20 61            imul        bp,word ptr 0x67[bp],0x6120 
0DC5    6E                        outsb       
0DC6    0D 0A 75                  or          ax,0x750a 
0DC9    6E                        outsb       
0DCA    73 75                     jae         L$264 
0DCC    70 70                     jo          L$263 
0DCE    6F                        outsw       
0DCF    72 74                     jb          L$266 
0DD1    65 64                                           ed
0DD3                          L$251:
0DD3    20 6F 70                  and         byte ptr 0x70[bx],ch 
0DD6    65 72 61                  jb          L$262 
0DD9    74 69                     je          L$265 
0DDB    6E                        outsb       
0DDC    67 20                                           g 
0DDE                          L$252:
0DDE    73 79                     jae         0x00000e59 
0DE0    73 74                     jae         L$267 
0DE2    65 6D                     ins         word ptr [di],dx 
0DE4    2C 20                     sub         al,0x20 
0DE6    6F                        outsw       
0DE7    72 20                     jb          L$255 
0DE9    79 6F                     jns         L$269 
0DEB    75 72                     jne         L$271 
0DED    20 4C 41                  and         byte ptr 0x41[si],cl 
0DF0    53                        push        bx 
0DF1    54                        push        sp 
0DF2    44                        inc         sp 
0DF3    52                        push        dx 
0DF4                          L$253:
0DF4    49                        dec         cx 
0DF5    56                        push        si 
0DF6    45                        inc         bp 
0DF7    20 64 69                  and         byte ptr 0x69[si],ah 
0DFA                          L$254:
0DFA    72 65                     jb          L$273 
0DFC    63 74 69                  arpl        word ptr 0x69[si],si 
0DFF    76 65                     jbe         L$274 
0E01    20 64 6F                  and         byte ptr 0x6f[si],ah 
0E04    65 73 20                  jae         L$259 
0E07    6E                        outsb       
0E08    6F                        outsw       
0E09                          L$255:
0E09    74 20                     je          L$260 
0E0B    70 65                     jo          L$276 
0E0D    72 6D                     jb          L$278 
0E0F    69 74 0D 0A 74            imul        si,word ptr 0xd[si],0x740a 
0E14    6F                        outsw       
0E15    20 64 65                  and         byte ptr 0x65[si],ah 
0E18    66 69                                           fi
0E1A                          L$256:
0E1A    6E                        outsb       
0E1B                          L$257:
0E1B    65 20 74 68               and         byte ptr gs:0x68[si],dh 
0E1F    65 20 72 65               and         byte ptr gs:0x65[bp+si],dh 
0E23                          L$258:
0E23    71 75                     jno         L$279 
0E25    65 73                                           es
0E27                          L$259:
0E27    74 65 64 20                                     DD		     0E27
				; The label referred to here is an undefined location
L$280
0E2B                          L$260:
0E2B    64 72 69                  jb          0x00000e97 
0E2E    76 65                     jbe         0x00000e95 
0E30    20 6C 65                  and         byte ptr 0x65[si],ch 
0E33                          L$261:
0E33    74 74                     je          L$281 
0E35    65 72 20                  jb          L$268 
0E38    28 74                                           (t
0E3A                          L$262:
0E3A    72 79                     jb          0x00000eb5 
0E3C    20 4C 41 53                                     DD		     0E3C
				; The label referred to here is an undefined location
L$270
0E40                          L$263:
0E40    54                        push        sp 
0E41                          L$264:
0E41    44                        inc         sp 
0E42    52                        push        dx 
0E43    49                        dec         cx 
0E44                          L$265:
0E44    56                        push        si 
0E45                          L$266:
0E45    45                        inc         bp 
0E46    3D 5A 20                  cmp         ax,0x205a 
0E49    69 6E 20 79 6F            imul        bp,word ptr 0x20[bp],0x6f79 
0E4E    75 72                     jne         L$283 
0E50    20 43 4F                  and         byte ptr 0x4f[bp+di],al 
0E53    4E                        dec         si 
0E54    46                        inc         si 
0E55    49                        dec         cx 
0E56                          L$267:
0E56    47                        inc         di 
0E57    2E                                              .
0E58                          L$268:
0E58    53                        push        bx 
0E59    59                        pop         cx 
0E5A                          L$269:
0E5A    53                        push        bx 
0E5B    29 2E                                           ).
0E5D                          L$270:
0E5D    0D 0A 24 5A                                     DD	ds:[0xa0d]
0E61                          L$271:
0E61                          L$272:
0E61                          L$273:
0E61    0E                        push        cs 
0E62    1F                        pop         ds 
0E63    B4 09                     mov         ah,0x09 
0E65    CD                                              .
0E66                          L$274:
0E66    21 58 5A                  and         word ptr 0x5a[bx+si],bx 
0E69    1F                        pop         ds 
0E6A    E9 07 01                  jmp         L$302 
0E6D                          L$275:
0E6D    8E C2                     mov         es,dx 
0E6F    26 83 7C                                        &.|
0E72                          L$276:
0E72    43                        inc         bx 
0E73    00 75 03                  add         byte ptr L$277[di],dh 
0E76    E9 DC FE                  jmp         L$241 
0E79                          L$277:
0E79    1E                        push        ds 
0E7A    52                        push        dx 
0E7B    50                        push        ax 
0E7C                          L$278:
0E7C    E8 5B 00                  call        L$286 
0E7F    54                        push        sp 
0E80    68 65 20                  push        0x2065 
0E83    72 65                     jb          L$288 
0E85    71 75                     jno         L$289 
0E87    65 73 74                  jae         L$290 
0E8A    65 64 20 6C 6F            and         byte ptr 
0E8F    63 61 6C                  arpl        word ptr 0x6c[bx+di],sp 
0E92    20 64 72                  and         byte ptr 0x72[si],ah 
0E95    69 76 65 20 6C            imul        si,word ptr 0x65[bp],0x6c20 
0E9A                          L$279:
0E9A    65 74                                           et
0E9C                          L$280:
0E9C    74 65 72 20                                     DD		     0E9C
				; The label referred to here is an undefined location
L$293
0EA0    69 73 20 61 6C            imul        si,word ptr 0x20[bp+di],0x6c61 
0EA5    72 65                     jb          L$292 
0EA7    61                        popa        
0EA8    64                                              d
0EA9                          L$281:
0EA9    79 20                     jns         L$284 
0EAB    69 6E 20 75 73            imul        bp,word ptr 0x20[bp],0x7375 
0EB0    65 2E 20 50 6C            and         byte ptr 
0EB5    65 61                     popa        
0EB7    73 65                     jae         L$295 
0EB9    20 63 68                  and         byte ptr 0x68[bp+di],ah 
0EBC    6F                        outsw       
0EBD    6F                        outsw       
0EBE    73 65                     jae         L$296 
0EC0                          L$282:
0EC0    20 61                                            a
0EC2                          L$283:
0EC2    6E                        outsb       
0EC3    6F                        outsw       
0EC4    74 68                     je          L$297 
0EC6    65 72 0D                  jb          L$285 
0EC9    0A 64                                           .d
0ECB                          L$284:
0ECB    72 69                     jb          0x00000f36 
0ECD    76 65                     jbe         0x00000f34 
0ECF    20 6C 65                  and         byte ptr 0x65[si],ch 
0ED2    74 74                     je          L$299 
0ED4    65 72                                           er
0ED6                          L$285:
0ED6    2E 0D 0A 24                                     DD		     0ED6
				; The label referred to here is an undefined location
L$291
0EDA                          L$286:
0EDA    5A                        pop         dx 
0EDB    0E                        push        cs 
0EDC    1F                        pop         ds 
0EDD    B4 09                     mov         ah,0x09 
0EDF    CD 21                     int         0x21 
0EE1    58                        pop         ax 
0EE2    5A                        pop         dx 
0EE3    1F                        pop         ds 
0EE4    E9 8D 00                  jmp         L$302 
0EE7                          L$287:
0EE7    B8 AC 0D                  mov         ax,0x0dac 
0EEA                          L$288:
0EEA    E8 00 00                  call        allocseg_ 
0EED    89 46 EC                  mov         word ptr -0x14[bp],ax 
0EF0    83 7E EC 00               cmp         word ptr -0x14[bp],0x0000 
0EF4    75 28                     jne         L$295 
0EF6    1E                        push        ds 
0EF7    52                        push        dx 
0EF8    50                        push        ax 
0EF9    E8 16 00                  call        L$294 
0EFC                          L$289:
0EFC    4D                        dec         bp 
0EFD    65                                              e
0EFE                          L$290:
0EFE    6D                        insw        
0EFF    6F                        outsw       
0F00    72 79                     jb          L$304 
0F02    20 61 6C                  and         byte ptr 0x6c[bx+di],ah 
0F05                          L$291:
0F05    6C                        insb        
0F06    6F                        outsw       
0F07    63 20                     arpl        word ptr [bx+si],sp 
0F09    65 72 72                  jb          L$305 
0F0C                          L$292:
0F0C    6F                        outsw       
0F0D    72 21                     jb          L$298 
0F0F    0D 0A                                           ..
0F11                          L$293:
0F11    24                                              $
0F12                          L$294:
0F12    5A                        pop         dx 
0F13    0E                        push        cs 
0F14    1F                        pop         ds 
0F15    B4 09                     mov         ah,0x09 
0F17    CD 21                     int         0x21 
0F19    58                        pop         ax 
0F1A    5A                        pop         dx 
0F1B    1F                        pop         ds 
0F1C    EB 56                     jmp         L$302 
0F1E                          L$295:
0F1E    06                        push        es 
0F1F    51                        push        cx 
0F20    56                        push        si 
0F21    57                        push        di 
0F22    9C                        pushf       
0F23    B9 AC                                           ..
0F25                          L$296:
0F25    0D 33 F6                  or          ax,0xf633 
0F28    33 FF                     xor         di,di 
0F2A    FC                        cld         
0F2B    8E 86 EC                                        ...
0F2E                          L$297:
0F2E    FF F3                     push        bx 
0F30                          L$298:
0F30    A4                        movsb       
0F31    9D                        popf        
0F32    5F                        pop         di 
0F33    5E                        pop         si 
0F34    59                        pop         cx 
0F35    58                        pop         ax 
0F36    06                        push        es 
0F37    06                        push        es 
0F38    1F                        pop         ds 
0F39    17                        pop         ss 
0F3A    50                        push        ax 
0F3B    07                        pop         es 
0F3C    E8 00 00                  call        updatetsrds_ 
0F3F    85 C0                     test        ax,ax 
0F41    74 37                     je          L$303 
0F43    1E                        push        ds 
0F44    52                        push        dx 
0F45    50                        push        ax 
0F46    E8                                              .
0F47    1B 00 44 53                                     DD		     0F47
				; The label referred to here is an undefined location
L$300
0F48                          L$299:
0F48    00 44 53                  add         byte ptr 0x53[si],al 
0F4B    2F                        das         
0F4C    53                        push        bx 
0F4D    53                        push        bx 
0F4E    20 72 65                  and         byte ptr 0x65[bp+si],dh 
0F51    6C                        insb        
0F52    6F                        outsw       
0F53    63 61 74                  arpl        word ptr 0x74[bx+di],sp 
0F56    69 6F 6E 20 66            imul        bp,word ptr 0x6e[bx],0x6620 
0F5B    61                        popa        
0F5C    69 6C 65 64 2E            imul        bp,word ptr 0x65[si],0x2e64 
0F61    0D 0A 24                  or          ax,0x240a 
0F64                          L$300:
0F64    5A                        pop         dx 
0F65    0E                        push        cs 
0F66    1F                        pop         ds 
0F67    B4 09                     mov         ah,0x09 
0F69    CD 21                     int         0x21 
0F6B    58                        pop         ax 
0F6C    5A                        pop         dx 
0F6D    1F                        pop         ds 
0F6E                          L$301:
0F6E    8B 46 EC                  mov         ax,word ptr -0x14[bp] 
0F71    E8 00 00                  call        freeseg_ 
0F74                          L$302:
0F74    B8 01 00                  mov         ax,0x0001 
0F77    E9 83 F1                  jmp         L$13 
0F7A                          L$303:
0F7A    E8                                              .
0F7B                          L$304:
0F7B    00 00                                           DW	offset getsda_
0F7D    A3                                              .
0F7E                          L$305:
0F7E    00 00                                           DW	offset _glob_sdaptr
0F80    89 16 02 00               mov         word ptr _glob_sdaptr+0x2,dx 
0F84    C6 06 08 00 00            mov         byte ptr _glob_data+0x8,0x00 
0F89    8B 46 DA                  mov         ax,word ptr -0x26[bp] 
0F8C    85 C0                     test        ax,ax 
0F8E    75 25                     jne         L$308 
0F90    C7 46 F2 60 00            mov         word ptr -0xe[bp],0x0060 
0F95    EB 0A                     jmp         L$307 
0F97                          L$306:
0F97    FF 46 F2                  inc         word ptr -0xe[bp] 
0F9A    81 7E F2 80 00            cmp         word ptr -0xe[bp],0x0080 
0F9F    7F 1F                     jg          L$309 
0FA1                          L$307:
0FA1    8A 56 DC                  mov         dl,byte ptr -0x24[bp] 
0FA4    80 E2 08                  and         dl,0x08 
0FA7    30 F6                     xor         dh,dh 
0FA9    8B 46 F2                  mov         ax,word ptr -0xe[bp] 
0FAC    E8 00 00                  call        pktdrv_init_ 
0FAF    85 C0                     test        ax,ax 
0FB1    74 0D                     je          L$309 
0FB3    EB E2                     jmp         L$306 
0FB5                          L$308:
0FB5    8A 56 DC                  mov         dl,byte ptr -0x24[bp] 
0FB8    80 E2 08                  and         dl,0x08 
0FBB    30 F6                     xor         dh,dh 
0FBD    E8 00 00                  call        pktdrv_init_ 
0FC0                          L$309:
0FC0    80 3E 08 00 00            cmp         byte ptr _glob_data+0x8,0x00 
0FC5    75 3A                     jne         L$312 
0FC7    1E                        push        ds 
0FC8    52                        push        dx 
0FC9    50                        push        ax 
0FCA    E8 27 00                  call        L$310 
0FCD    50                        push        ax 
0FCE    61                        popa        
0FCF    63 6B 65                  arpl        word ptr 0x65[bp+di],bp 
0FD2    74 20                     je          L$310 
0FD4    64 72 69                  jb          L$318 
0FD7    76 65                     jbe         L$317 
0FD9    72 20                     jb          L$311 
0FDB    69 6E 69 74 69            imul        bp,word ptr 0x69[bp],0x6974 
0FE0    61                        popa        
0FE1    6C                        insb        
0FE2    69 7A 61 74 69            imul        di,word ptr 0x61[bp+si],0x6974 
0FE7    6F                        outsw       
0FE8    6E                        outsb       
0FE9    20 66 61                  and         byte ptr 0x61[bp],ah 
0FEC    69 6C 65 64 2E            imul        bp,word ptr 0x65[si],0x2e64 
0FF1    0D 0A 24                  or          ax,0x240a 
0FF4                          L$310:
0FF4    5A                        pop         dx 
0FF5    0E                        push        cs 
0FF6    1F                        pop         ds 
0FF7    B4 09                     mov         ah,0x09 
0FF9    CD 21                     int         0x21 
0FFB                          L$311:
0FFB    58                        pop         ax 
0FFC    5A                        pop         dx 
0FFD    1F                        pop         ds 
0FFE    E9 6D FF                  jmp         L$301 
1001                          L$312:
1001    B8 06 00                  mov         ax,offset _glob_pktdrv_sndbuff+0x6 
1004    E8 00 00                  call        pktdrv_getaddr_ 
1007    F6 46 DC 02               test        byte ptr -0x24[bp],0x02 
100B    74 2A                     je          L$315 
100D    C7 46 F2 00 00            mov         word ptr -0xe[bp],0x0000 
1012                          L$313:
1012    8B 76 F2                  mov         si,word ptr -0xe[bp] 
1015    C6 84 00 00 FF            mov         byte ptr _glob_pktdrv_sndbuff[si],0xff 
101A    FF 46 F2                  inc         word ptr -0xe[bp] 
101D    83 7E F2 06               cmp         word ptr -0xe[bp],0x0006 
1021    7C EF                     jl          L$313 
1023    C7 46 F2 00 00            mov         word ptr -0xe[bp],0x0000 
1028                          L$314:
1028    8B 76 F2                  mov         si,word ptr -0xe[bp] 
102B    80 BC 09 00 FF            cmp         byte ptr _glob_data+0x9[si],0xff 
1030    75 08                     jne         L$316 
1032    FF 46 F2                  inc         word ptr -0xe[bp] 
1035    EB F1                     jmp         L$314 
1037                          L$315:
1037    E9 84 00                  jmp         L$324 
103A                          L$316:
103A    B8 01 00                  mov         ax,0x0001 
103D    50                        push        ax 
103E                          L$317:
103E    8D 46                                           .F
1040                          L$318:
1040    E8 50 8A                  call        0xffff9a93 
1043    56                        push        si 
1044    F2 30 F6                  repne xor   dh,dh 
1047    8D 4E EA                  lea         cx,-0x16[bp] 
104A    31 DB                     xor         bx,bx 
104C    B8 0C 00                  mov         ax,0x000c 
104F    E8 00 00                  call        sendquery_ 
1052    3D 06 00                  cmp         ax,0x0006 
1055    74 67                     je          L$324 
1057    1E                        push        ds 
1058    52                        push        dx 
1059    50                        push        ax 
105A    E8 4A 00                  call        L$321 
105D    4E                        dec         si 
105E    6F                        outsw       
105F    20 45 74                  and         byte ptr 0x74[di],al 
1062    68 65 72                  push        0x7265 
1065    53                        push        bx 
1066    52                        push        dx 
1067    56                        push        si 
1068    20 73 65                  and         byte ptr 0x65[bp+di],dh 
106B    72 76                     jb          L$328 
106D    65 72 20                  jb          L$319 
1070    66 6F                     outsd       
1072    75 6E                     jne         L$327 
1074    64 20 6F 6E               and         byte ptr fs:0x6e[bx],ch 
1078    20 74 68                  and         byte ptr 0x68[si],dh 
107B    65 20 4C 41               and         byte ptr gs:0x41[si],cl 
107F    4E                        dec         si 
1080    20 28                     and         byte ptr [bx+si],ch 
1082    6E                        outsb       
1083    6F                        outsw       
1084    74 20                     je          L$320 
1086    66 6F                     outsd       
1088    72 20                     jb          L$322 
108A    72 65                     jb          L$329 
108C    71 75                     jno         L$331 
108E    65 73                                           es
1090                          L$319:
1090    74 65 64 20                                     DD		     1090
				; The label referred to here is an undefined location
L$332
1094    64 72 69                  jb          0x00001100 
1097    76 65                     jbe         0x000010fe 
1099    20 61 74                  and         byte ptr 0x74[bx+di],ah 
109C    20 6C 65 61                                     DD		     109C
				; The label referred to here is an undefined location
L$323
10A0    73 74                     jae         L$333 
10A2    29 2E 0D 0A               sub         word ptr ds:[0xa0d],bp 
10A6                          L$320:
10A6    24                                              $
10A7                          L$321:
10A7    5A                        pop         dx 
10A8    0E                        push        cs 
10A9    1F                        pop         ds 
10AA                          L$322:
10AA    B4 09                     mov         ah,0x09 
10AC    CD 21                     int         0x21 
10AE    58                        pop         ax 
10AF    5A                        pop         dx 
10B0    1F                        pop         ds 
10B1    A1 00 00                  mov         ax,word ptr _glob_pktdrv_pktcall 
10B4    8B 16 02 00               mov         dx,word ptr _glob_pktdrv_pktcall+0x2 
10B8    E8 00 00                  call        pktdrv_free_ 
10BB    E9                                              .
10BC    B0 FE C7 46                                     DD	L$301
10BD                          L$323:
10BD    FE                                              .
10BE                          L$324:
10BE    C7 46 F2 00 00            mov         word ptr -0xe[bp],0x0000 
10C3    EB 09                     jmp         L$326 
10C5                          L$325:
10C5    FF 46 F2                  inc         word ptr -0xe[bp] 
10C8    83 7E F2 1A               cmp         word ptr -0xe[bp],0x001a 
10CC    7D 2E                     jge         L$330 
10CE                          L$326:
10CE    8B 76 F2                  mov         si,word ptr -0xe[bp] 
10D1    80 BC 09 00 FF            cmp         byte ptr _glob_data+0x9[si],0xff 
10D6    74 ED                     je          L$325 
10D8    89 F0                     mov         ax,si 
10DA    E8 00 00                  call        getcds_ 
10DD    89 C6                     mov         si,ax 
10DF    8E C2                     mov         es,dx 
10E1    26                                              &
10E2                          L$327:
10E2    C7                                              .
10E3                          L$328:
10E3    44                        inc         sp 
10E4    43                        inc         bx 
10E5    00 C0                     add         al,al 
10E7    8A 46 F2                  mov         al,byte ptr -0xe[bp] 
10EA    04 41                     add         al,0x41 
10EC    26 88 04                  mov         byte ptr es:[si],al 
10EF    26 C7                                           &.
10F1                          L$329:
10F1    44                        inc         sp 
10F2    01 3A                     add         word ptr [bp+si],di 
10F4    5C                        pop         sp 
10F5    26 C6 44 03 00            mov         byte ptr es:0x3[si],0x00 
10FA    EB C9                     jmp         L$325 
10FC                          L$330:
10FC    F6 46 DC 01               test        byte ptr -0x24[bp],0x01 
1100    74 03                     je          L$332 
1102    E9                                              .
1103                          L$331:
1103    4C 01 1E 52                                     DD		     1103
				; The label referred to here is an undefined location
L$349
1107                          L$332:
1107    50                        push        ax 
1108    E8 26 00                  call        L$334 
110B    45                        inc         bp 
110C    74 68                     je          L$338 
110E    65 72 44                  jb          L$336 
1111    46                        inc         si 
1112    53                        push        bx 
1113    20 76 30                  and         byte ptr 0x30[bp],dh 
1116                          L$333:
1116    2E 38 2E 32 20            cmp         byte ptr cs:[0x2032],ch 
111B    69 6E 73 74 61            imul        bp,word ptr 0x73[bp],0x6174 
1120    6C                        insb        
1121    6C                        insb        
1122    65 64 20 28               and         byte ptr 
1126    6C                        insb        
1127    6F                        outsw       
1128    63 61 6C                  arpl        word ptr 0x6c[bx+di],sp 
112B    20 4D 41                  and         byte ptr 0x41[di],cl 
112E    43                        inc         bx 
112F    20 24                     and         byte ptr [si],ah 
1131                          L$334:
1131    5A                        pop         dx 
1132    0E                        push        cs 
1133    1F                        pop         ds 
1134    B4 09                     mov         ah,0x09 
1136    CD 21                     int         0x21 
1138    58                        pop         ax 
1139    5A                        pop         dx 
113A    1F                        pop         ds 
113B    C7 46 F2 00 00            mov         word ptr -0xe[bp],0x0000 
1140                          L$335:
1140    8B 76 F2                  mov         si,word ptr -0xe[bp] 
1143    8A 94 06 00               mov         dl,byte ptr _glob_pktdrv_sndbuff+0x6[si] 
1147    30 F6                     xor         dh,dh 
1149    8D 46 C2                  lea         ax,-0x3e[bp] 
114C    01 F0                     add         ax,si 
114E    01 F0                     add         ax,si 
1150    01 F0                     add         ax,si 
1152    E8 00 00                  call        byte2hex_ 
1155                          L$336:
1155    FF 46 F2                  inc         word ptr -0xe[bp] 
1158    83 7E F2 06               cmp         word ptr -0xe[bp],0x0006 
115C    7C E2                     jl          L$335 
115E    C7 46 F2 02 00            mov         word ptr -0xe[bp],0x0002 
1163                          L$337:
1163    8B 76 F2                  mov         si,word ptr -0xe[bp] 
1166    C6 42 C2 3A               mov         byte ptr -0x3e[bp+si],0x3a 
116A    83 46 F2 03               add         word ptr -0xe[bp],0x0003 
116E    83 7E F2 10               cmp         word ptr -0xe[bp],0x0010 
1172    7C EF                     jl          L$337 
1174    C6 46                                           .F
1176                          L$338:
1176    D3 24                     shl         word ptr [si],cl 
1178    8D 46 C2                  lea         ax,-0x3e[bp] 
117B    E8 00 00                  call        outmsg_ 
117E    1E                        push        ds 
117F    52                        push        dx 
1180    50                        push        ax 
1181    E8 12 00                  call        L$339 
1184    2C 20                     sub         al,0x20 
1186    70 6B                     jo          L$345 
1188    74 64                     je          L$344 
118A    72 76                     jb          L$346 
118C    72 20                     jb          L$340 
118E    61                        popa        
118F    74 20                     je          L$341 
1191    49                        dec         cx 
1192    4E                        dec         si 
1193    54                        push        sp 
1194    20 24                     and         byte ptr [si],ah 
1196                          L$339:
1196    5A                        pop         dx 
1197    0E                        push        cs 
1198    1F                        pop         ds 
1199    B4 09                     mov         ah,0x09 
119B    CD 21                     int         0x21 
119D    58                        pop         ax 
119E    5A                        pop         dx 
119F    1F                        pop         ds 
11A0    8A 16 08 00               mov         dl,byte ptr _glob_data+0x8 
11A4    30 F6                     xor         dh,dh 
11A6    8D 46 C2                  lea         ax,-0x3e[bp] 
11A9    E8 00 00                  call        byte2hex_ 
11AC    C7 46                                           .F
11AE                          L$340:
11AE    C4 29                     les         bp,dword ptr [bx+di] 
11B0    0D                                              .
11B1                          L$341:
11B1    C7 46 C6 0A 24            mov         word ptr -0x3a[bp],0x240a 
11B6    8D 46 C2                  lea         ax,-0x3e[bp] 
11B9    E8 00 00                  call        outmsg_ 
11BC    C7 46 F2 00 00            mov         word ptr -0xe[bp],0x0000 
11C1    EB 0C                     jmp         L$343 
11C3                          L$342:
11C3    FF 46 F2                  inc         word ptr -0xe[bp] 
11C6    83 7E F2 1A               cmp         word ptr -0xe[bp],0x001a 
11CA    7C 03                     jl          L$343 
11CC    E9 82 00                  jmp         L$349 
11CF                          L$343:
11CF    8B 76 F2                  mov         si,word ptr -0xe[bp] 
11D2    80 BC 09 00 FF            cmp         byte ptr _glob_data+0x9[si],0xff 
11D7    74 EA                     je          L$342 
11D9    C6 46 C2 20               mov         byte ptr -0x3e[bp],0x20 
11DD    8A 46 F2                  mov         al,byte ptr -0xe[bp] 
11E0    04 41                     add         al,0x41 
11E2    88 46 C3                  mov         byte ptr -0x3d[bp],al 
11E5    C7 46 C4 3A 20            mov         word ptr -0x3c[bp],0x203a 
11EA    C7 46 C6 2D                                     .F.-
11EE                          L$344:
11EE    3E C7 46 C8 20                                  >.F. 
11F3                          L$345:
11F3    5B                        pop         bx 
11F4    8A 84 09 00               mov         al,byte ptr _glob_data+0x9[si] 
11F8    04 41                     add         al,0x41 
11FA    88 46 CA                  mov         byte ptr -0x36[bp],al 
11FD    C7 46 CB 3A 5D            mov         word ptr -0x35[bp],0x5d3a 
1202                          L$346:
1202    C7 46 CD 20 6F            mov         word ptr -0x33[bp],0x6f20 
1207    C7 46 CF 6E 20            mov         word ptr -0x31[bp],0x206e 
120C    C6 46 D1 24               mov         byte ptr -0x2f[bp],0x24 
1210    8D 46 C2                  lea         ax,-0x3e[bp] 
1213    E8 00 00                  call        outmsg_ 
1216    31 F6                     xor         si,si 
1218                          L$347:
1218    8A 94 00 00               mov         dl,byte ptr _glob_pktdrv_sndbuff[si] 
121C    30 F6                     xor         dh,dh 
121E    8D 46 C2                  lea         ax,-0x3e[bp] 
1221    01 F0                     add         ax,si 
1223    01 F0                     add         ax,si 
1225    01 F0                     add         ax,si 
1227    E8 00 00                  call        byte2hex_ 
122A    46                        inc         si 
122B    83 FE 06                  cmp         si,0x0006 
122E    7C E8                     jl          L$347 
1230    BE 02 00                  mov         si,0x0002 
1233                          L$348:
1233    C6 42 C2 3A               mov         byte ptr -0x3e[bp+si],0x3a 
1237    83 C6 03                  add         si,0x0003 
123A    83 FE 10                  cmp         si,0x0010 
123D    7C F4                     jl          L$348 
123F    C7 46 D3 0D 0A            mov         word ptr -0x2d[bp],0x0a0d 
1244    C6 46 D5 24               mov         byte ptr -0x2b[bp],0x24 
1248    8D 46 C2                  lea         ax,-0x3e[bp] 
124B    E8 00 00                  call        outmsg_ 
124E    E9 72 FF                  jmp         L$342 
1251                          L$349:
1251    B4 62                     mov         ah,0x62 
1253    CD 21                     int         0x21 
1255    89 1E 04 00               mov         word ptr _glob_data+0x4,bx 
1259    8E 06 04 00               mov         es,word ptr _glob_data+0x4 
125D    26 8E 06 2C 00            mov         es,word ptr es:[0x2c] 
1262    B4 49                     mov         ah,0x49 
1264    CD 21                     int         0x21 
1266    FA                        cli         
1267    B8 2F 25                  mov         ax,0x252f 
126A    1E                        push        ds 
126B    52                        push        dx 
126C    0E                        push        cs 
126D    1F                        pop         ds 
126E    BA 00 00                  mov         dx,offset inthandler_ 
1271    CD 21                     int         0x21 
1273    5A                        pop         dx 
1274    1F                        pop         ds 
1275    FB                        sti         
1276    B8 00 31                  mov         ax,0x3100 
1279    BA 00 00                  mov         dx,offset begtextend_ 
127C    81 C2 00 01               add         dx,0x0100 
1280    83 C2 0F                  add         dx,0x000f 
1283    D1 EA                     shr         dx,0x01 
1285    D1 EA                     shr         dx,0x01 
1287    D1 EA                     shr         dx,0x01 
1289    D1 EA                     shr         dx,0x01 
128B    CD 21                     int         0x21 
128D                          L$350:
128D    31 C0                     xor         ax,ax 
128F    E9 6B EE                  jmp         L$13 

Routine Size: 3179 bytes,    Routine Base: _TEXT + 0627

No disassembly errors

Segment: BEGTEXT BYTE USE16 00000DF3 bytes
0000                          copybytes_:
0000    56                        push        si 
0001    55                        push        bp 
0002    89 E5                     mov         bp,sp 
0004    89 C6                     mov         si,ax 
0006                          L$351:
0006    83 7E 06 00               cmp         word ptr 0x6[bp],0x0000 
000A    74 11                     je          L$352 
000C    8E C1                     mov         es,cx 
000E    26 8A 07                  mov         al,byte ptr es:[bx] 
0011    8E C2                     mov         es,dx 
0013    26 88 04                  mov         byte ptr es:[si],al 
0016    FF 4E 06                  dec         word ptr 0x6[bp] 
0019    46                        inc         si 
001A    43                        inc         bx 
001B    EB E9                     jmp         L$351 
001D                          L$352:
001D    5D                        pop         bp 
001E    5E                        pop         si 
001F    C2 02 00                  ret         0x0002 
0022                          mystrlen_:
0022    53                        push        bx 
0023    89 C3                     mov         bx,ax 
0025    8E C2                     mov         es,dx 
0027    31 C0                     xor         ax,ax 
0029                          L$353:
0029    26 80 3F 00               cmp         byte ptr es:[bx],0x00 
002D    74 04                     je          L$354 
002F    40                        inc         ax 
0030    43                        inc         bx 
0031    EB F6                     jmp         L$353 
0033                          L$354:
0033    5B                        pop         bx 
0034    C3                        ret         
0035                          len_if_no_wildcards_:
0035    53                        push        bx 
0036    89 C3                     mov         bx,ax 
0038    8E C2                     mov         es,dx 
003A    31 D2                     xor         dx,dx 
003C                          L$355:
003C    26 8A 07                  mov         al,byte ptr es:[bx] 
003F    3C 3F                     cmp         al,0x3f 
0041    74 0C                     je          L$356 
0043    3C 2A                     cmp         al,0x2a 
0045    74 08                     je          L$356 
0047    84 C0                     test        al,al 
0049    75 09                     jne         L$357 
004B    89 D0                     mov         ax,dx 
004D    5B                        pop         bx 
004E    C3                        ret         
004F                          L$356:
004F    B8 FF FF                  mov         ax,0xffff 
0052    5B                        pop         bx 
0053    C3                        ret         
0054                          L$357:
0054    42                        inc         dx 
0055    43                        inc         bx 
0056    EB E4                     jmp         L$355 
0058                          bsdsum_:
0058    53                        push        bx 
0059    51                        push        cx 
005A    56                        push        si 
005B    57                        push        di 
005C    55                        push        bp 
005D    89 E5                     mov         bp,sp 
005F    50                        push        ax 
0060    50                        push        ax 
0061    52                        push        dx 
0062    C7 46 FE 00 00            mov         word ptr -0x2[bp],0x0000 
0067    FC                        cld         
0068    33 DB                     xor         bx,bx 
006A    33 C0                     xor         ax,ax 
006C    8B 8E FA FF               mov         cx,word ptr -0x6[bp] 
0070    8B B6 FC FF               mov         si,word ptr -0x4[bp] 
0074                          L$358:
0074    AC                        lodsb       
0075    D1 CB                     ror         bx,0x01 
0077    03 D8                     add         bx,ax 
0079    49                        dec         cx 
007A    75 F8                     jne         L$358 
007C    89 9E FE FF               mov         word ptr -0x2[bp],bx 
0080    8B 46 FE                  mov         ax,word ptr -0x2[bp] 
0083    89 EC                     mov         sp,bp 
0085    5D                        pop         bp 
0086    5F                        pop         di 
0087    5E                        pop         si 
0088    59                        pop         cx 
0089    5B                        pop         bx 
008A    C3                        ret         

Routine Size: 139 bytes,    Routine Base: BEGTEXT + 0000

008B                          pktdrv_recv_:
008B    E9 04 00                  jmp         L$359 
008E    70 6B                     jo          L$363 
0090    74 72                     je          L$365 
0092                          L$359:
0092    1E                        push        ds 
0093    53                        push        bx 
0094    9C                        pushf       
0095    BB 00 00                  mov         bx,0x0000 
0098    8E DB                     mov         ds,bx 
009A    83 F8 00                  cmp         ax,0x0000 
009D    75 26                     jne         L$361 
009F    81 F9 42 04               cmp         cx,0x0442 
00A3    77 17                     ja          L$360 
00A5    83 3E 00 00 00            cmp         word ptr _glob_pktdrv_recvbufflen,0x0000 
00AA    7F 10                     jg          L$360 
00AC    1E                        push        ds 
00AD    07                        pop         es 
00AE    BF 00 00                  mov         di,offset _glob_pktdrv_recvbuff 
00B1    89 0E 00 00               mov         word ptr _glob_pktdrv_recvbufflen,cx 
00B5    F7 1E 00 00               neg         word ptr _glob_pktdrv_recvbufflen 
00B9    E9 0D 00                  jmp         L$362 
00BC                          L$360:
00BC    33 DB                     xor         bx,bx 
00BE    53                        push        bx 
00BF    53                        push        bx 
00C0    07                        pop         es 
00C1    5F                        pop         di 
00C2    E9 04 00                  jmp         L$362 
00C5                          L$361:
00C5    F7 1E 00 00               neg         word ptr _glob_pktdrv_recvbufflen 
00C9                          L$362:
00C9    9D                        popf        
00CA    5B                        pop         bx 
00CB    1F                        pop         ds 
00CC    CB                        retf        
00CD                          sendquery_:
00CD    56                        push        si 
00CE    57                        push        di 
00CF    55                        push        bp 
00D0    89 E5                     mov         bp,sp 
00D2    83 EC 0A                  sub         sp,0x000a 
00D5    88 C6                     mov         dh,al 
00D7    89 5E F6                  mov         word ptr -0xa[bp],bx 
00DA    89 4E F8                  mov         word ptr -0x8[bp],cx 
00DD    C7 46 FC 6C 04            mov         word ptr -0x4[bp],0x046c 
00E2    C7 46 FE 00 00            mov         word ptr -0x2[bp],0x0000 
00E7    88 D3                     mov         bl,dl 
00E9    30 FF                     xor         bh,bh 
00EB    8A 97 09 00               mov         dl,byte ptr _glob_data+0x9[bx] 
00EF    83 46 F6 3C               add         word ptr -0xa[bp],0x003c 
00F3    81 7E F6 42 04            cmp         word ptr -0xa[bp],0x0442 
00F8    76 05                     jbe         L$364 
00FA    31                                              1
00FB                          L$363:
00FB    C0 E9 26                  shr         cl,L$380 
00FE    01                                              .
00FF                          L$364:
00FF    FE 06 D7 08               inc         byte ptr DGROUP:L$2 
0103    8B                                              .
0104                          L$365:
0104    46                        inc         si 
0105    F6 A3 34 00               mul         byte ptr _glob_pktdrv_sndbuff+0x34[bp+di] 
0109    A0 D7 08                  mov         al,byte ptr DGROUP:L$2 
010C    A2 39 00                  mov         byte ptr _glob_pktdrv_sndbuff+0x39,al 
010F    88 16 3A 00               mov         byte ptr _glob_pktdrv_sndbuff+0x3a,dl 
0113    88 36 3B 00               mov         byte ptr _glob_pktdrv_sndbuff+0x3b,dh 
0117    F6 06 38 00 80            test        byte ptr _glob_pktdrv_sndbuff+0x38,0x80 
011C    74 0F                     je          L$366 
011E    8B 56 F6                  mov         dx,word ptr -0xa[bp] 
0121    83 EA 38                  sub         dx,0x0038 
0124    B8 38 00                  mov         ax,offset _glob_pktdrv_sndbuff+0x38 
0127    E8 00 00                  call        bsdsum_ 
012A    A3 36 00                  mov         word ptr _glob_pktdrv_sndbuff+0x36,ax 
012D                          L$366:
012D    31 C0                     xor         ax,ax 
012F    A3 00 00                  mov         word ptr _glob_pktdrv_recvbufflen,ax 
0132    C7 46 FA 05 00            mov         word ptr -0x6[bp],0x0005 
0137    EB 05                     jmp         L$368 
0139                          L$367:
0139    FF 4E FA                  dec         word ptr -0x6[bp] 
013C    74 4B                     je          L$371 
013E                          L$368:
013E    50                        push        ax 
013F    51                        push        cx 
0140    52                        push        dx 
0141    56                        push        si 
0142    9C                        pushf       
0143    B4 04                     mov         ah,0x04 
0145    8B 8E F6 FF               mov         cx,word ptr -0xa[bp] 
0149    BE 00 00                  mov         si,offset _glob_pktdrv_sndbuff 
014C    FA                        cli         
014D    FF 1E 00 00               call        dword ptr _glob_pktdrv_pktcall 
0151    5E                        pop         si 
0152    5A                        pop         dx 
0153    59                        pop         cx 
0154    58                        pop         ax 
0155    C4 5E FC                  les         bx,dword ptr -0x4[bp] 
0158    26 8A 0F                  mov         cl,byte ptr es:[bx] 
015B                          L$369:
015B    C4 5E FC                  les         bx,dword ptr -0x4[bp] 
015E    26 3A 0F                  cmp         cl,byte ptr es:[bx] 
0161    74 14                     je          L$370 
0163    88 C8                     mov         al,cl 
0165    30 E4                     xor         ah,ah 
0167    26 8A 17                  mov         dl,byte ptr es:[bx] 
016A    30 F6                     xor         dh,dh 
016C    40                        inc         ax 
016D    39 D0                     cmp         ax,dx 
016F    74 06                     je          L$370 
0171    26 80 3F 00               cmp         byte ptr es:[bx],0x00 
0175    75 C2                     jne         L$367 
0177                          L$370:
0177    83 3E 00 00 01            cmp         word ptr _glob_pktdrv_recvbufflen,0x0001 
017C    7C DD                     jl          L$369 
017E    83 3E 00 00 3C            cmp         word ptr _glob_pktdrv_recvbufflen,0x003c 
0183    7C 29                     jl          L$374 
0185    31 DB                     xor         bx,bx 
0187    EB 09                     jmp         L$373 
0189                          L$371:
0189    E9 96 00                  jmp         L$379 
018C                          L$372:
018C    43                        inc         bx 
018D    83 FB 06                  cmp         bx,0x0006 
0190    7D 1F                     jge         L$375 
0192                          L$373:
0192    8A 87 00 00               mov         al,byte ptr _glob_pktdrv_recvbuff[bx] 
0196    3A 87 06 00               cmp         al,byte ptr _glob_pktdrv_sndbuff+0x6[bx] 
019A    75 12                     jne         L$374 
019C    83 7E 0A 00               cmp         word ptr 0xa[bp],0x0000 
01A0    75 EA                     jne         L$372 
01A2    8A 87 06 00               mov         al,byte ptr _glob_pktdrv_recvbuff+0x6[bx] 
01A6    3A 87 00 00               cmp         al,byte ptr _glob_pktdrv_sndbuff[bx] 
01AA    74 E0                     je          L$372 
01AC    EB 00                     jmp         L$374 
01AE                          L$374:
01AE    E9 69 00                  jmp         L$378 
01B1                          L$375:
01B1    81 3E 0C 00 ED F5         cmp         word ptr _glob_pktdrv_recvbuff+0xc,0xf5ed 
01B7    75 61                     jne         L$378 
01B9    A0 39 00                  mov         al,byte ptr _glob_pktdrv_recvbuff+0x39 
01BC    3A 06 D7 08               cmp         al,byte ptr DGROUP:L$2 
01C0    75 58                     jne         L$378 
01C2    A1 34 00                  mov         ax,word ptr _glob_pktdrv_recvbuff+0x34 
01C5    3B 06 00 00               cmp         ax,word ptr _glob_pktdrv_recvbufflen 
01C9    77 4F                     ja          L$378 
01CB    3D 3C 00                  cmp         ax,0x003c 
01CE    72 4A                     jb          L$378 
01D0    A3 00 00                  mov         word ptr _glob_pktdrv_recvbufflen,ax 
01D3    F6 06 38 00 80            test        byte ptr _glob_pktdrv_sndbuff+0x38,0x80 
01D8    74 13                     je          L$376 
01DA    8B 16 00 00               mov         dx,word ptr _glob_pktdrv_recvbufflen 
01DE    83 EA 38                  sub         dx,0x0038 
01E1    B8 38 00                  mov         ax,offset _glob_pktdrv_recvbuff+0x38 
01E4    E8 00 00                  call        bsdsum_ 
01E7    3B 06 36 00               cmp         ax,word ptr _glob_pktdrv_recvbuff+0x36 
01EB    75 2D                     jne         L$378 
01ED                          L$376:
01ED    8B 5E F8                  mov         bx,word ptr -0x8[bp] 
01F0    C7 07 3C 00               mov         word ptr [bx],offset _glob_pktdrv_recvbuff+0x3c 
01F4    8B 5E 08                  mov         bx,word ptr 0x8[bp] 
01F7    C7 07 3A 00               mov         word ptr [bx],offset _glob_pktdrv_recvbuff+0x3a 
01FB    83 7E 0A 00               cmp         word ptr 0xa[bp],0x0000 
01FF    74 11                     je          L$377 
0201    B8 06 00                  mov         ax,0x0006 
0204    50                        push        ax 
0205    BB 06 00                  mov         bx,offset _glob_pktdrv_recvbuff+0x6 
0208    8C D9                     mov         cx,ds 
020A    B8 00 00                  mov         ax,offset _glob_pktdrv_sndbuff 
020D    8C DA                     mov         dx,ds 
020F    E8 00 00                  call        copybytes_ 
0212                          L$377:
0212    A1 00 00                  mov         ax,word ptr _glob_pktdrv_recvbufflen 
0215    2D 3C 00                  sub         ax,0x003c 
0218    EB 0B                     jmp         L$380 
021A                          L$378:
021A    31 C0                     xor         ax,ax 
021C    A3 00 00                  mov         word ptr _glob_pktdrv_recvbufflen,ax 
021F    E9 39 FF                  jmp         L$369 
0222                          L$379:
0222    B8 FF FF                  mov         ax,0xffff 
0225                          L$380:
0225    89 EC                     mov         sp,bp 
0227    5D                        pop         bp 
0228    5F                        pop         di 
0229    5E                        pop         si 
022A    C2 04 00                  ret         0x0004 
022D                          L$381:
022D    2E 2D 21 1C 1B 17 16 13 11 0F 0E 0C 0B 0A 09 08 .-!.............
023D    07 06 05 03 01                                  .....
0242                          L$382:
0242    93 0B                                           DW	offset L$465
0244    A4 02                                           DW	offset L$383
0246    EB 02                                           DW	offset L$386
0248    60 03                                           DW	offset L$392
024A    BE 03                                           DW	offset L$394
024C    93 0B                                           DW	offset L$465
024E    FE 03                                           DW	offset L$397
0250    E2 04                                           DW	offset L$407
0252    DD 05                                           DW	offset L$420
0254    6B 05                                           DW	offset L$411
0256    47 06                                           DW	offset L$422
0258    86 06                                           DW	offset L$427
025A    E1 06                                           DW	offset L$428
025C    62 07                                           DW	offset L$433
025E    1F 08                                           DW	offset L$438
0260    7F 08                                           DW	offset L$444
0262    7F 08                                           DW	offset L$444
0264    94 09                                           DW	offset L$449
0266    94 09                                           DW	offset L$449
0268    33 0B                                           DW	offset L$460
026A    8D 0B                                           DW	offset L$464
026C    7F 08                                           DW	offset L$444

Routine Size: 483 bytes,    Routine Base: BEGTEXT + 008B

026E                          process2f_:
026E    53                        push        bx 
026F    51                        push        cx 
0270    52                        push        dx 
0271    56                        push        si 
0272    57                        push        di 
0273    55                        push        bp 
0274    89 E5                     mov         bp,sp 
0276    83 EC 1A                  sub         sp,0x001a 
0279    BE 3C 00                  mov         si,offset _glob_pktdrv_sndbuff+0x3c 
027C    A0 16 00                  mov         al,byte ptr _glob_intregs+0x16 
027F    88 46 FE                  mov         byte ptr -0x2[bp],al 
0282    31 C0                     xor         ax,ax 
0284    A3 16 00                  mov         word ptr _glob_intregs+0x16,ax 
0287    80 26 1C 00 FE            and         byte ptr _glob_intregs+0x1c,0xfe 
028C    8A 46 FE                  mov         al,byte ptr -0x2[bp] 
028F    0E                        push        cs 
0290    07                        pop         es 
0291    B9 16 00                  mov         cx,0x0016 
0294    BF 2D 02                  mov         di,offset L$381 
0297    F2 AE                     repne scasb 
0299    D1 E1                     shl         cx,0x01 
029B    89 CF                     mov         di,cx 
029D    2E 8B 85 42 02            mov         ax,word ptr cs:L$382[di] 
02A2    FF E0                     jmp         ax 
02A4                          L$383:
02A4    C7 46 FC 00 00            mov         word ptr -0x4[bp],0x0000 
02A9                          L$384:
02A9    8B 1E 00 00               mov         bx,word ptr _glob_sdaptr 
02AD    8B 16 02 00               mov         dx,word ptr _glob_sdaptr+0x2 
02B1    89 D1                     mov         cx,dx 
02B3    8B 7E FC                  mov         di,word ptr -0x4[bp] 
02B6    01 DF                     add         di,bx 
02B8    8E C2                     mov         es,dx 
02BA    26 80 BD 92 00 00         cmp         byte ptr es:0x92[di],0x00 
02C0    74 20                     je          L$385 
02C2    26 8B 87 6C 02            mov         ax,word ptr es:0x26c[bx] 
02C7    26 8B 97 6E 02            mov         dx,word ptr es:0x26e[bx] 
02CC    8B 5E FC                  mov         bx,word ptr -0x4[bp] 
02CF    01 C3                     add         bx,ax 
02D1    26 8A 85 92 00            mov         al,byte ptr es:0x92[di] 
02D6    8E C2                     mov         es,dx 
02D8    26 3A 07                  cmp         al,byte ptr es:[bx] 
02DB    75 0E                     jne         L$386 
02DD    FF 46 FC                  inc         word ptr -0x4[bp] 
02E0    EB C7                     jmp         L$384 
02E2                          L$385:
02E2    C7 06 16 00 10 00         mov         word ptr _glob_intregs+0x16,0x0010 
02E8    E9 A0 02                  jmp         L$416 
02EB                          L$386:
02EB    A1 00 00                  mov         ax,word ptr _glob_sdaptr 
02EE    8B 16 02 00               mov         dx,word ptr _glob_sdaptr+0x2 
02F2    05 92 00                  add         ax,0x0092 
02F5    E8 00 00                  call        mystrlen_ 
02F8    3D 02 00                  cmp         ax,0x0002 
02FB    7D 09                     jge         L$388 
02FD                          L$387:
02FD    C7 06 16 00 03 00         mov         word ptr _glob_intregs+0x16,0x0003 
0303    E9 85 02                  jmp         L$416 
0306                          L$388:
0306    48                        dec         ax 
0307    48                        dec         ax 
0308    89 46 FC                  mov         word ptr -0x4[bp],ax 
030B    50                        push        ax 
030C    8B 1E 00 00               mov         bx,word ptr _glob_sdaptr 
0310    8B 0E 02 00               mov         cx,word ptr _glob_sdaptr+0x2 
0314    81 C3 94 00               add         bx,0x0094 
0318    8C DA                     mov         dx,ds 
031A    89 F0                     mov         ax,si 
031C    E8 00 00                  call        copybytes_ 
031F    31 C0                     xor         ax,ax 
0321    50                        push        ax 
0322    8D 46 E8                  lea         ax,-0x18[bp] 
0325    50                        push        ax 
0326    8A 16 00 00               mov         dl,byte ptr _glob_reqdrv 
032A    30 F6                     xor         dh,dh 
032C    8A 46 FE                  mov         al,byte ptr -0x2[bp] 
032F    30 E4                     xor         ah,ah 
0331    8D 4E E6                  lea         cx,-0x1a[bp] 
0334    8B 5E FC                  mov         bx,word ptr -0x4[bp] 
0337    E8 00 00                  call        sendquery_ 
033A    89 C2                     mov         dx,ax 
033C    A1 1C 00                  mov         ax,word ptr _glob_intregs+0x1c 
033F    0C 01                     or          al,0x01 
0341    85 D2                     test        dx,dx 
0343    75 0F                     jne         L$389 
0345    8B 5E E8                  mov         bx,word ptr -0x18[bp] 
0348    8B 17                     mov         dx,word ptr [bx] 
034A    89 16 16 00               mov         word ptr _glob_intregs+0x16,dx 
034E    85 D2                     test        dx,dx 
0350    74 0B                     je          L$391 
0352    EB 06                     jmp         L$390 
0354                          L$389:
0354    C7 06 16 00 02 00         mov         word ptr _glob_intregs+0x16,0x0002 
035A                          L$390:
035A    A3 1C 00                  mov         word ptr _glob_intregs+0x1c,ax 
035D                          L$391:
035D    E9 33 08                  jmp         L$465 
0360                          L$392:
0360    A1 00 00                  mov         ax,word ptr _glob_sdaptr 
0363    8B 16 02 00               mov         dx,word ptr _glob_sdaptr+0x2 
0367    05 92 00                  add         ax,0x0092 
036A    E8 00 00                  call        mystrlen_ 
036D    89 46 FC                  mov         word ptr -0x4[bp],ax 
0370    3D 02 00                  cmp         ax,0x0002 
0373    7C 88                     jl          L$387 
0375    83 6E FC 02               sub         word ptr -0x4[bp],0x0002 
0379    FF 76 FC                  push        word ptr -0x4[bp] 
037C    8B 1E 00 00               mov         bx,word ptr _glob_sdaptr 
0380    8B 0E 02 00               mov         cx,word ptr _glob_sdaptr+0x2 
0384    81 C3 94 00               add         bx,0x0094 
0388    8C DA                     mov         dx,ds 
038A    89 F0                     mov         ax,si 
038C    E8 00 00                  call        copybytes_ 
038F    31 C0                     xor         ax,ax 
0391    50                        push        ax 
0392    8D 46 E8                  lea         ax,-0x18[bp] 
0395    50                        push        ax 
0396    8D 4E E6                  lea         cx,-0x1a[bp] 
0399    8B 5E FC                  mov         bx,word ptr -0x4[bp] 
039C    8A 16 00 00               mov         dl,byte ptr _glob_reqdrv 
03A0    30 F6                     xor         dh,dh 
03A2    B8 05 00                  mov         ax,0x0005 
03A5    E8 00 00                  call        sendquery_ 
03A8    85 C0                     test        ax,ax 
03AA    74 03                     je          L$393 
03AC    E9 4E FF                  jmp         L$387 
03AF                          L$393:
03AF    8B 5E E8                  mov         bx,word ptr -0x18[bp] 
03B2    8B 07                     mov         ax,word ptr [bx] 
03B4    A3 16 00                  mov         word ptr _glob_intregs+0x16,ax 
03B7    85 C0                     test        ax,ax 
03B9    74 A2                     je          L$391 
03BB    E9 CD 01                  jmp         L$416 
03BE                          L$394:
03BE    8B 3E 08 00               mov         di,word ptr _glob_intregs+0x8 
03C2    8E 06 04 00               mov         es,word ptr _glob_intregs+0x4 
03C6    26 83 3D 00               cmp         word ptr es:[di],0x0000 
03CA    76 03                     jbe         L$395 
03CC    26 FF 0D                  dec         word ptr es:[di] 
03CF                          L$395:
03CF    26 8B 45 0B               mov         ax,word ptr es:0xb[di] 
03D3    89 04                     mov         word ptr [si],ax 
03D5    31 C0                     xor         ax,ax 
03D7    50                        push        ax 
03D8    8D 46 E8                  lea         ax,-0x18[bp] 
03DB    50                        push        ax 
03DC    8A 16 00 00               mov         dl,byte ptr _glob_reqdrv 
03E0    30 F6                     xor         dh,dh 
03E2    8D 4E E6                  lea         cx,-0x1a[bp] 
03E5    BB 02 00                  mov         bx,0x0002 
03E8    B8 06 00                  mov         ax,0x0006 
03EB    E8 00 00                  call        sendquery_ 
03EE    85 C0                     test        ax,ax 
03F0    75 44                     jne         L$401 
03F2                          L$396:
03F2    8B 5E E8                  mov         bx,word ptr -0x18[bp] 
03F5    8B 07                     mov         ax,word ptr [bx] 
03F7    85 C0                     test        ax,ax 
03F9    74 3B                     je          L$401 
03FB    E9 8A 01                  jmp         L$415 
03FE                          L$397:
03FE    8B 3E 08 00               mov         di,word ptr _glob_intregs+0x8 
0402    A1 04 00                  mov         ax,word ptr _glob_intregs+0x4 
0405    89 46 F6                  mov         word ptr -0xa[bp],ax 
0408    8E C0                     mov         es,ax 
040A    26 F6 45 02 01            test        byte ptr es:0x2[di],0x01 
040F    74 09                     je          L$399 
0411                          L$398:
0411    C7 06 16 00 05 00         mov         word ptr _glob_intregs+0x16,0x0005 
0417    E9 71 01                  jmp         L$416 
041A                          L$399:
041A    83 3E 14 00 00            cmp         word ptr _glob_intregs+0x14,0x0000 
041F    74 15                     je          L$401 
0421    C7 46 FA 00 00            mov         word ptr -0x6[bp],0x0000 
0426                          L$400:
0426    A1 14 00                  mov         ax,word ptr _glob_intregs+0x14 
0429    2B 46 FA                  sub         ax,word ptr -0x6[bp] 
042C    3D 06 04                  cmp         ax,0x0406 
042F    73 08                     jae         L$402 
0431    89 46 EE                  mov         word ptr -0x12[bp],ax 
0434    EB 08                     jmp         L$403 
0436                          L$401:
0436    E9 5A 07                  jmp         L$465 
0439                          L$402:
0439    C7 46 EE 06 04            mov         word ptr -0x12[bp],0x0406 
043E                          L$403:
043E    31 DB                     xor         bx,bx 
0440    8E 46 F6                  mov         es,word ptr -0xa[bp] 
0443    26 8B 55 15               mov         dx,word ptr es:0x15[di] 
0447    26 8B 45 17               mov         ax,word ptr es:0x17[di] 
044B    03 56 FA                  add         dx,word ptr -0x6[bp] 
044E    11 D8                     adc         ax,bx 
0450    89 14                     mov         word ptr [si],dx 
0452    89 44 02                  mov         word ptr 0x2[si],ax 
0455    26 8B 45 0B               mov         ax,word ptr es:0xb[di] 
0459    89 44 04                  mov         word ptr 0x4[si],ax 
045C    8B 46 EE                  mov         ax,word ptr -0x12[bp] 
045F    89 44 06                  mov         word ptr 0x6[si],ax 
0462    53                        push        bx 
0463    8D 46 E8                  lea         ax,-0x18[bp] 
0466    50                        push        ax 
0467    8A 16 00 00               mov         dl,byte ptr _glob_reqdrv 
046B    30 F6                     xor         dh,dh 
046D    8D 4E E6                  lea         cx,-0x1a[bp] 
0470    BB 08 00                  mov         bx,0x0008 
0473    89 D8                     mov         ax,bx 
0475    E8 00 00                  call        sendquery_ 
0478    89 46 EC                  mov         word ptr -0x14[bp],ax 
047B    A1 1C 00                  mov         ax,word ptr _glob_intregs+0x1c 
047E    0C 01                     or          al,0x01 
0480    83 7E EC FF               cmp         word ptr -0x14[bp],0xffff 
0484    75 03                     jne         L$404 
0486    E9 CB FE                  jmp         L$389 
0489                          L$404:
0489    8B 5E E8                  mov         bx,word ptr -0x18[bp] 
048C    83 3F 00                  cmp         word ptr [bx],0x0000 
048F    74 09                     je          L$405 
0491    8B 17                     mov         dx,word ptr [bx] 
0493    89 16 16 00               mov         word ptr _glob_intregs+0x16,dx 
0497    E9 C0 FE                  jmp         L$390 
049A                          L$405:
049A    FF 76 EC                  push        word ptr -0x14[bp] 
049D    8C D9                     mov         cx,ds 
049F    C4 1E 00 00               les         bx,dword ptr _glob_sdaptr 
04A3    26 8B 47 0C               mov         ax,word ptr es:0xc[bx] 
04A7    26 8B 57 0E               mov         dx,word ptr es:0xe[bx] 
04AB    03 46 FA                  add         ax,word ptr -0x6[bp] 
04AE    8B 5E E6                  mov         bx,word ptr -0x1a[bp] 
04B1    E8 00 00                  call        copybytes_ 
04B4    8B 46 EC                  mov         ax,word ptr -0x14[bp] 
04B7    01 46 FA                  add         word ptr -0x6[bp],ax 
04BA    3B 46 EE                  cmp         ax,word ptr -0x12[bp] 
04BD    7C 0C                     jl          L$406 
04BF    8B 46 FA                  mov         ax,word ptr -0x6[bp] 
04C2    3B 06 14 00               cmp         ax,word ptr _glob_intregs+0x14 
04C6    74 03                     je          L$406 
04C8    E9 5B FF                  jmp         L$400 
04CB                          L$406:
04CB    31 C0                     xor         ax,ax 
04CD    8B 56 FA                  mov         dx,word ptr -0x6[bp] 
04D0    8E 46 F6                  mov         es,word ptr -0xa[bp] 
04D3    26 01 55 15               add         word ptr es:0x15[di],dx 
04D7    26 11 45 17               adc         word ptr es:0x17[di],ax 
04DB    89 16 14 00               mov         word ptr _glob_intregs+0x14,dx 
04DF    E9 B1 06                  jmp         L$465 
04E2                          L$407:
04E2    8B 3E 08 00               mov         di,word ptr _glob_intregs+0x8 
04E6    A1 04 00                  mov         ax,word ptr _glob_intregs+0x4 
04E9    89 46 EA                  mov         word ptr -0x16[bp],ax 
04EC    C7 46 F0 00 00            mov         word ptr -0x10[bp],0x0000 
04F1    8E C0                     mov         es,ax 
04F3    26 F6 45 02 03            test        byte ptr es:0x2[di],0x03 
04F8    75 03                     jne         L$408 
04FA    E9 14 FF                  jmp         L$398 
04FD                          L$408:
04FD    A1 14 00                  mov         ax,word ptr _glob_intregs+0x14 
0500    89 46 F4                  mov         word ptr -0xc[bp],ax 
0503                          L$409:
0503    8B 46 F4                  mov         ax,word ptr -0xc[bp] 
0506    85 C0                     test        ax,ax 
0508    76 69                     jbe         L$412 
050A    89 46 F2                  mov         word ptr -0xe[bp],ax 
050D    3D 00 04                  cmp         ax,0x0400 
0510    76 05                     jbe         L$410 
0512    C7 46 F2 00 04            mov         word ptr -0xe[bp],0x0400 
0517                          L$410:
0517    8E 46 EA                  mov         es,word ptr -0x16[bp] 
051A    26 8B 45 15               mov         ax,word ptr es:0x15[di] 
051E    26 8B 55 17               mov         dx,word ptr es:0x17[di] 
0522    89 04                     mov         word ptr [si],ax 
0524    89 54 02                  mov         word ptr 0x2[si],dx 
0527    26 8B 45 0B               mov         ax,word ptr es:0xb[di] 
052B    89 44 04                  mov         word ptr 0x4[si],ax 
052E    FF 76 F2                  push        word ptr -0xe[bp] 
0531    C4 1E 00 00               les         bx,dword ptr _glob_sdaptr 
0535    26 8B 47 0C               mov         ax,word ptr es:0xc[bx] 
0539    26 8B 4F 0E               mov         cx,word ptr es:0xe[bx] 
053D    8B 5E F0                  mov         bx,word ptr -0x10[bp] 
0540    01 C3                     add         bx,ax 
0542    8D 44 06                  lea         ax,0x6[si] 
0545    8C DA                     mov         dx,ds 
0547    E8 00 00                  call        copybytes_ 
054A    31 C0                     xor         ax,ax 
054C    50                        push        ax 
054D    8D 46 E8                  lea         ax,-0x18[bp] 
0550    50                        push        ax 
0551    8B 5E F2                  mov         bx,word ptr -0xe[bp] 
0554    83 C3 06                  add         bx,0x0006 
0557    8A 16 00 00               mov         dl,byte ptr _glob_reqdrv 
055B    30 F6                     xor         dh,dh 
055D    8D 4E E6                  lea         cx,-0x1a[bp] 
0560    B8 09 00                  mov         ax,0x0009 
0563    E8 00 00                  call        sendquery_ 
0566    3D FF FF                  cmp         ax,0xffff 
0569    75 0B                     jne         L$413 
056B                          L$411:
056B    C7 06 16 00 02 00         mov         word ptr _glob_intregs+0x16,0x0002 
0571    EB 18                     jmp         L$416 
0573                          L$412:
0573    E9 1D 06                  jmp         L$465 
0576                          L$413:
0576    8B 5E E8                  mov         bx,word ptr -0x18[bp] 
0579    83 3F 00                  cmp         word ptr [bx],0x0000 
057C    75 05                     jne         L$414 
057E    3D 02 00                  cmp         ax,0x0002 
0581    74 0F                     je          L$417 
0583                          L$414:
0583    8B 5E E8                  mov         bx,word ptr -0x18[bp] 
0586    8B 07                     mov         ax,word ptr [bx] 
0588                          L$415:
0588    A3 16 00                  mov         word ptr _glob_intregs+0x16,ax 
058B                          L$416:
058B    80 0E 1C 00 01            or          byte ptr _glob_intregs+0x1c,0x01 
0590    EB E1                     jmp         L$412 
0592                          L$417:
0592    8B 5E E6                  mov         bx,word ptr -0x1a[bp] 
0595    8B 07                     mov         ax,word ptr [bx] 
0597    01 46 F0                  add         word ptr -0x10[bp],ax 
059A    29 46 F4                  sub         word ptr -0xc[bp],ax 
059D    8B 56 F0                  mov         dx,word ptr -0x10[bp] 
05A0    89 16 14 00               mov         word ptr _glob_intregs+0x14,dx 
05A4    31 D2                     xor         dx,dx 
05A6    8E 46 EA                  mov         es,word ptr -0x16[bp] 
05A9    26 01 45 15               add         word ptr es:0x15[di],ax 
05AD    26 11 55 17               adc         word ptr es:0x17[di],dx 
05B1    26 8B 5D 15               mov         bx,word ptr es:0x15[di] 
05B5    26 8B 55 17               mov         dx,word ptr es:0x17[di] 
05B9    26 3B 55 13               cmp         dx,word ptr es:0x13[di] 
05BD    77 08                     ja          L$418 
05BF    75 14                     jne         L$419 
05C1    26 3B 5D 11               cmp         bx,word ptr es:0x11[di] 
05C5    76 0E                     jbe         L$419 
05C7                          L$418:
05C7    89 DA                     mov         dx,bx 
05C9    26 8B 5D 17               mov         bx,word ptr es:0x17[di] 
05CD    26 89 55 11               mov         word ptr es:0x11[di],dx 
05D1    26 89 5D 13               mov         word ptr es:0x13[di],bx 
05D5                          L$419:
05D5    3B 46 F2                  cmp         ax,word ptr -0xe[bp] 
05D8    75 99                     jne         L$412 
05DA    E9 26 FF                  jmp         L$409 
05DD                          L$420:
05DD    8B 1E 08 00               mov         bx,word ptr _glob_intregs+0x8 
05E1    8E 06 04 00               mov         es,word ptr _glob_intregs+0x4 
05E5    A1 14 00                  mov         ax,word ptr _glob_intregs+0x14 
05E8    89 04                     mov         word ptr [si],ax 
05EA    26 8B 47 0B               mov         ax,word ptr es:0xb[bx] 
05EE    89 44 02                  mov         word ptr 0x2[si],ax 
05F1    80 3E 10 00 01            cmp         byte ptr _glob_intregs+0x10,0x01 
05F6    76 0B                     jbe         L$421 
05F8    C7 06 16 00 02 00         mov         word ptr _glob_intregs+0x16,0x0002 
05FE    80 0E 1C 00 01            or          byte ptr _glob_intregs+0x1c,0x01 
0603                          L$421:
0603    B1 03                     mov         cl,0x03 
0605    A1 14 00                  mov         ax,word ptr _glob_intregs+0x14 
0608    D3 E0                     shl         ax,cl 
060A    50                        push        ax 
060B    8B 1E 12 00               mov         bx,word ptr _glob_intregs+0x12 
060F    8B 0E 06 00               mov         cx,word ptr _glob_intregs+0x6 
0613    8D 44 04                  lea         ax,0x4[si] 
0616    8C DA                     mov         dx,ds 
0618    E8 00 00                  call        copybytes_ 
061B    31 C0                     xor         ax,ax 
061D    50                        push        ax 
061E    8D 46 E8                  lea         ax,-0x18[bp] 
0621    50                        push        ax 
0622    B1 03                     mov         cl,0x03 
0624    8B 1E 14 00               mov         bx,word ptr _glob_intregs+0x14 
0628    D3 E3                     shl         bx,cl 
062A    83 C3 04                  add         bx,0x0004 
062D    8A 16 00 00               mov         dl,byte ptr _glob_reqdrv 
0631    30 F6                     xor         dh,dh 
0633    A0 10 00                  mov         al,byte ptr _glob_intregs+0x10 
0636    04 0A                     add         al,0x0a 
0638    30 E4                     xor         ah,ah 
063A    8D 4E E6                  lea         cx,-0x1a[bp] 
063D    E8 00 00                  call        sendquery_ 
0640    85 C0                     test        ax,ax 
0642    74 3F                     je          L$426 
0644    E9 24 FF                  jmp         L$411 
0647                          L$422:
0647    31 C0                     xor         ax,ax 
0649    50                        push        ax 
064A    8D 46 E8                  lea         ax,-0x18[bp] 
064D    50                        push        ax 
064E    8D 4E E6                  lea         cx,-0x1a[bp] 
0651    31 DB                     xor         bx,bx 
0653    8A 16 00 00               mov         dl,byte ptr _glob_reqdrv 
0657    30 F6                     xor         dh,dh 
0659    B8 0C 00                  mov         ax,0x000c 
065C    E8 00 00                  call        sendquery_ 
065F    3D 06 00                  cmp         ax,0x0006 
0662    74 03                     je          L$424 
0664                          L$423:
0664    E9 04 FF                  jmp         L$411 
0667                          L$424:
0667    8B 5E E8                  mov         bx,word ptr -0x18[bp] 
066A    8B 07                     mov         ax,word ptr [bx] 
066C    A3 16 00                  mov         word ptr _glob_intregs+0x16,ax 
066F    8B 5E E6                  mov         bx,word ptr -0x1a[bp] 
0672    8B 07                     mov         ax,word ptr [bx] 
0674    A3 10 00                  mov         word ptr _glob_intregs+0x10,ax 
0677    8B 47 02                  mov         ax,word ptr 0x2[bx] 
067A    A3 14 00                  mov         word ptr _glob_intregs+0x14,ax 
067D    8B 47 04                  mov         ax,word ptr 0x4[bx] 
0680                          L$425:
0680    A3 12 00                  mov         word ptr _glob_intregs+0x12,ax 
0683                          L$426:
0683    E9 0D 05                  jmp         L$465 
0686                          L$427:
0686    A1 00 00                  mov         ax,word ptr _glob_sdaptr 
0689    8B 16 02 00               mov         dx,word ptr _glob_sdaptr+0x2 
068D    05 92 00                  add         ax,0x0092 
0690    E8 00 00                  call        mystrlen_ 
0693    89 46 FC                  mov         word ptr -0x4[bp],ax 
0696    3D 02 00                  cmp         ax,0x0002 
0699    7C C9                     jl          L$423 
069B    A0 00 00                  mov         al,byte ptr _glob_reqstkword 
069E    88 04                     mov         byte ptr [si],al 
06A0    8B 46 FC                  mov         ax,word ptr -0x4[bp] 
06A3    48                        dec         ax 
06A4    48                        dec         ax 
06A5    50                        push        ax 
06A6    8B 1E 00 00               mov         bx,word ptr _glob_sdaptr 
06AA    8B 0E 02 00               mov         cx,word ptr _glob_sdaptr+0x2 
06AE    81 C3 94 00               add         bx,0x0094 
06B2    8D 44 01                  lea         ax,0x1[si] 
06B5    8C DA                     mov         dx,ds 
06B7    E8 00 00                  call        copybytes_ 
06BA    31 C0                     xor         ax,ax 
06BC    50                        push        ax 
06BD    8D 46 E8                  lea         ax,-0x18[bp] 
06C0    50                        push        ax 
06C1    8D 4E E6                  lea         cx,-0x1a[bp] 
06C4    8B 5E FC                  mov         bx,word ptr -0x4[bp] 
06C7    4B                        dec         bx 
06C8    A0 00 00                  mov         al,byte ptr _glob_reqdrv 
06CB    30 E4                     xor         ah,ah 
06CD    BE 0E 00                  mov         si,0x000e 
06D0    89 C2                     mov         dx,ax 
06D2    89 F0                     mov         ax,si 
06D4    E8 00 00                  call        sendquery_ 
06D7    89 46 FC                  mov         word ptr -0x4[bp],ax 
06DA    85 C0                     test        ax,ax 
06DC    75 86                     jne         L$423 
06DE    E9 11 FD                  jmp         L$396 
06E1                          L$428:
06E1    A1 00 00                  mov         ax,word ptr _glob_sdaptr 
06E4    8B 16 02 00               mov         dx,word ptr _glob_sdaptr+0x2 
06E8    05 92 00                  add         ax,0x0092 
06EB    E8 00 00                  call        mystrlen_ 
06EE    3D 02 00                  cmp         ax,0x0002 
06F1    7D 03                     jge         L$430 
06F3                          L$429:
06F3    E9 75 FE                  jmp         L$411 
06F6                          L$430:
06F6    48                        dec         ax 
06F7    48                        dec         ax 
06F8    89 46 FC                  mov         word ptr -0x4[bp],ax 
06FB    50                        push        ax 
06FC    8B 1E 00 00               mov         bx,word ptr _glob_sdaptr 
0700    8B 0E 02 00               mov         cx,word ptr _glob_sdaptr+0x2 
0704    81 C3 94 00               add         bx,0x0094 
0708    8C DA                     mov         dx,ds 
070A    89 F0                     mov         ax,si 
070C    E8 00 00                  call        copybytes_ 
070F    31 C0                     xor         ax,ax 
0711    50                        push        ax 
0712    8D 46 E8                  lea         ax,-0x18[bp] 
0715    50                        push        ax 
0716    8A 16 00 00               mov         dl,byte ptr _glob_reqdrv 
071A    30 F6                     xor         dh,dh 
071C    8D 4E E6                  lea         cx,-0x1a[bp] 
071F    8B 5E FC                  mov         bx,word ptr -0x4[bp] 
0722    B8 0F 00                  mov         ax,0x000f 
0725    E8 00 00                  call        sendquery_ 
0728    3D FF FF                  cmp         ax,0xffff 
072B    74 C6                     je          L$429 
072D    3D 09 00                  cmp         ax,0x0009 
0730    74 03                     je          L$432 
0732                          L$431:
0732    E9 4E FE                  jmp         L$414 
0735                          L$432:
0735    8B 5E E8                  mov         bx,word ptr -0x18[bp] 
0738    83 3F 00                  cmp         word ptr [bx],0x0000 
073B    75 F5                     jne         L$431 
073D    8B 5E E6                  mov         bx,word ptr -0x1a[bp] 
0740    8B 07                     mov         ax,word ptr [bx] 
0742    A3 14 00                  mov         word ptr _glob_intregs+0x14,ax 
0745    8B 47 02                  mov         ax,word ptr 0x2[bx] 
0748    A3 12 00                  mov         word ptr _glob_intregs+0x12,ax 
074B    8B 47 06                  mov         ax,word ptr 0x6[bx] 
074E    A3 10 00                  mov         word ptr _glob_intregs+0x10,ax 
0751    8B 47 04                  mov         ax,word ptr 0x4[bx] 
0754    A3 08 00                  mov         word ptr _glob_intregs+0x8,ax 
0757    8A 47 08                  mov         al,byte ptr 0x8[bx] 
075A    30 E4                     xor         ah,ah 
075C    A3 16 00                  mov         word ptr _glob_intregs+0x16,ax 
075F    E9 31 04                  jmp         L$465 
0762                          L$433:
0762    C4 1E 00 00               les         bx,dword ptr _glob_sdaptr 
0766    26 8A 87 92 00            mov         al,byte ptr es:0x92[bx] 
076B    26 3A 87 12 01            cmp         al,byte ptr es:0x112[bx] 
0770    75 81                     jne         L$429 
0772    8D 87 92 00               lea         ax,0x92[bx] 
0776    8C C2                     mov         dx,es 
0778    E8 00 00                  call        mystrlen_ 
077B    3D 02 00                  cmp         ax,0x0002 
077E    7D 03                     jge         L$434 
0780    E9 E8 FD                  jmp         L$411 
0783                          L$434:
0783    48                        dec         ax 
0784    48                        dec         ax 
0785    89 46 FC                  mov         word ptr -0x4[bp],ax 
0788    8A 46 FC                  mov         al,byte ptr -0x4[bp] 
078B    A2 3C 00                  mov         byte ptr _glob_pktdrv_sndbuff+0x3c,al 
078E    FF 76 FC                  push        word ptr -0x4[bp] 
0791    8B 1E 00 00               mov         bx,word ptr _glob_sdaptr 
0795    8B 0E 02 00               mov         cx,word ptr _glob_sdaptr+0x2 
0799    81 C3 94 00               add         bx,0x0094 
079D    46                        inc         si 
079E    8C DA                     mov         dx,ds 
07A0    89 F0                     mov         ax,si 
07A2    E8 00 00                  call        copybytes_ 
07A5    A1 00 00                  mov         ax,word ptr _glob_sdaptr 
07A8    8B 16 02 00               mov         dx,word ptr _glob_sdaptr+0x2 
07AC    05 12 01                  add         ax,0x0112 
07AF    E8 00 00                  call        len_if_no_wildcards_ 
07B2    3D 02 00                  cmp         ax,0x0002 
07B5    7D 03                     jge         L$435 
07B7    E9 43 FB                  jmp         L$387 
07BA                          L$435:
07BA    48                        dec         ax 
07BB    48                        dec         ax 
07BC    89 46 FC                  mov         word ptr -0x4[bp],ax 
07BF    50                        push        ax 
07C0    8B 1E 00 00               mov         bx,word ptr _glob_sdaptr 
07C4    8B 0E 02 00               mov         cx,word ptr _glob_sdaptr+0x2 
07C8    81 C3 14 01               add         bx,0x0114 
07CC    A0 3C 00                  mov         al,byte ptr _glob_pktdrv_sndbuff+0x3c 
07CF    30 E4                     xor         ah,ah 
07D1    01 F0                     add         ax,si 
07D3    8C DA                     mov         dx,ds 
07D5    E8 00 00                  call        copybytes_ 
07D8    31 C0                     xor         ax,ax 
07DA    50                        push        ax 
07DB    8D 46 E8                  lea         ax,-0x18[bp] 
07DE    50                        push        ax 
07DF    A0 3C 00                  mov         al,byte ptr _glob_pktdrv_sndbuff+0x3c 
07E2    30 E4                     xor         ah,ah 
07E4    40                        inc         ax 
07E5    8B 5E FC                  mov         bx,word ptr -0x4[bp] 
07E8    01 C3                     add         bx,ax 
07EA    8A 16 00 00               mov         dl,byte ptr _glob_reqdrv 
07EE    30 F6                     xor         dh,dh 
07F0    8D 4E E6                  lea         cx,-0x1a[bp] 
07F3    B8 11 00                  mov         ax,0x0011 
07F6    E8 00 00                  call        sendquery_ 
07F9    8B 16 1C 00               mov         dx,word ptr _glob_intregs+0x1c 
07FD    80 CA 01                  or          dl,0x01 
0800    85 C0                     test        ax,ax 
0802    74 0D                     je          L$437 
0804    C7 06 16 00 02 00         mov         word ptr _glob_intregs+0x16,0x0002 
080A                          L$436:
080A    89 16 1C 00               mov         word ptr _glob_intregs+0x1c,dx 
080E    E9 82 03                  jmp         L$465 
0811                          L$437:
0811    8B 5E E8                  mov         bx,word ptr -0x18[bp] 
0814    8B 07                     mov         ax,word ptr [bx] 
0816    85 C0                     test        ax,ax 
0818    74 62                     je          L$443 
081A    A3 16 00                  mov         word ptr _glob_intregs+0x16,ax 
081D    EB EB                     jmp         L$436 
081F                          L$438:
081F    A1 00 00                  mov         ax,word ptr _glob_sdaptr 
0822    8B 16 02 00               mov         dx,word ptr _glob_sdaptr+0x2 
0826    05 92 00                  add         ax,0x0092 
0829    E8 00 00                  call        mystrlen_ 
082C    3D 02 00                  cmp         ax,0x0002 
082F    7D 03                     jge         L$440 
0831                          L$439:
0831    E9 37 FD                  jmp         L$411 
0834                          L$440:
0834    48                        dec         ax 
0835    48                        dec         ax 
0836    89 46 FC                  mov         word ptr -0x4[bp],ax 
0839    50                        push        ax 
083A    8B 1E 00 00               mov         bx,word ptr _glob_sdaptr 
083E    8B 0E 02 00               mov         cx,word ptr _glob_sdaptr+0x2 
0842    81 C3 94 00               add         bx,0x0094 
0846    8C DA                     mov         dx,ds 
0848    89 F0                     mov         ax,si 
084A    E8 00 00                  call        copybytes_ 
084D    31 C0                     xor         ax,ax 
084F    50                        push        ax 
0850    8D 46 E8                  lea         ax,-0x18[bp] 
0853    50                        push        ax 
0854    8A 16 00 00               mov         dl,byte ptr _glob_reqdrv 
0858    30 F6                     xor         dh,dh 
085A    8D 4E E6                  lea         cx,-0x1a[bp] 
085D    8B 5E FC                  mov         bx,word ptr -0x4[bp] 
0860    B8 13 00                  mov         ax,0x0013 
0863    E8 00 00                  call        sendquery_ 
0866    3D FF FF                  cmp         ax,0xffff 
0869    74 C6                     je          L$439 
086B    85 C0                     test        ax,ax 
086D    74 03                     je          L$442 
086F                          L$441:
086F    E9 11 FD                  jmp         L$414 
0872                          L$442:
0872    8B 5E E8                  mov         bx,word ptr -0x18[bp] 
0875    83 3F 00                  cmp         word ptr [bx],0x0000 
0878    74 02                     je          L$443 
087A    EB F3                     jmp         L$441 
087C                          L$443:
087C    E9 14 03                  jmp         L$465 
087F                          L$444:
087F    A1 00 00                  mov         ax,word ptr _glob_sdaptr 
0882    8B 16 02 00               mov         dx,word ptr _glob_sdaptr+0x2 
0886    05 92 00                  add         ax,0x0092 
0889    E8 00 00                  call        len_if_no_wildcards_ 
088C    3D 02 00                  cmp         ax,0x0002 
088F    7D 03                     jge         L$445 
0891    E9 69 FA                  jmp         L$387 
0894                          L$445:
0894    8B 16 00 00               mov         dx,word ptr _glob_reqstkword 
0898    89 14                     mov         word ptr [si],dx 
089A    48                        dec         ax 
089B    48                        dec         ax 
089C    89 46 FC                  mov         word ptr -0x4[bp],ax 
089F    50                        push        ax 
08A0    8B 1E 00 00               mov         bx,word ptr _glob_sdaptr 
08A4    8B 0E 02 00               mov         cx,word ptr _glob_sdaptr+0x2 
08A8    81 C3 94 00               add         bx,0x0094 
08AC    8D 44 06                  lea         ax,0x6[si] 
08AF    8C DA                     mov         dx,ds 
08B1    E8 00 00                  call        copybytes_ 
08B4    31 C0                     xor         ax,ax 
08B6    50                        push        ax 
08B7    8D 46 E8                  lea         ax,-0x18[bp] 
08BA    50                        push        ax 
08BB    8B 5E FC                  mov         bx,word ptr -0x4[bp] 
08BE    83 C3 06                  add         bx,0x0006 
08C1    8A 16 00 00               mov         dl,byte ptr _glob_reqdrv 
08C5    30 F6                     xor         dh,dh 
08C7    8A 46 FE                  mov         al,byte ptr -0x2[bp] 
08CA    30 E4                     xor         ah,ah 
08CC    8D 4E E6                  lea         cx,-0x1a[bp] 
08CF    E8 00 00                  call        sendquery_ 
08D2    3D FF FF                  cmp         ax,0xffff 
08D5    75 03                     jne         L$446 
08D7    E9 91 FC                  jmp         L$411 
08DA                          L$446:
08DA    3D 19 00                  cmp         ax,0x0019 
08DD    75 90                     jne         L$441 
08DF    8B 5E E8                  mov         bx,word ptr -0x18[bp] 
08E2    83 3F 00                  cmp         word ptr [bx],0x0000 
08E5    75 88                     jne         L$441 
08E7    8B 36 08 00               mov         si,word ptr _glob_intregs+0x8 
08EB    8E 06 04 00               mov         es,word ptr _glob_intregs+0x4 
08EF    80 7E FE 2E               cmp         byte ptr -0x2[bp],0x2e 
08F3    75 09                     jne         L$447 
08F5    8B 5E E6                  mov         bx,word ptr -0x1a[bp] 
08F8    8B 47 16                  mov         ax,word ptr 0x16[bx] 
08FB    A3 14 00                  mov         word ptr _glob_intregs+0x14,ax 
08FE                          L$447:
08FE    8B 5E E6                  mov         bx,word ptr -0x1a[bp] 
0901    8A 07                     mov         al,byte ptr [bx] 
0903    26 88 44 04               mov         byte ptr es:0x4[si],al 
0907    A0 00 00                  mov         al,byte ptr _glob_reqdrv 
090A    30 E4                     xor         ah,ah 
090C    0D 40 80                  or          ax,0x8040 
090F    26 89 44 05               mov         word ptr es:0x5[si],ax 
0913    26 C7 44 07 00 00         mov         word ptr es:0x7[si],0x0000 
0919    26 C7 44 09 00 00         mov         word ptr es:0x9[si],0x0000 
091F    8B 5E E6                  mov         bx,word ptr -0x1a[bp] 
0922    8B 47 14                  mov         ax,word ptr 0x14[bx] 
0925    26 89 44 0B               mov         word ptr es:0xb[si],ax 
0929    8B 5E E6                  mov         bx,word ptr -0x1a[bp] 
092C    8B 47 0C                  mov         ax,word ptr 0xc[bx] 
092F    8B 57 0E                  mov         dx,word ptr 0xe[bx] 
0932    26 89 44 0D               mov         word ptr es:0xd[si],ax 
0936    26 89 54 0F               mov         word ptr es:0xf[si],dx 
093A    8B 5E E6                  mov         bx,word ptr -0x1a[bp] 
093D    8B 47 10                  mov         ax,word ptr 0x10[bx] 
0940    8B 57 12                  mov         dx,word ptr 0x12[bx] 
0943    26 89 44 11               mov         word ptr es:0x11[si],ax 
0947    26 89 54 13               mov         word ptr es:0x13[si],dx 
094B    26 C7 44 15 00 00         mov         word ptr es:0x15[si],0x0000 
0951    26 C7 44 17 00 00         mov         word ptr es:0x17[si],0x0000 
0957    26 C6 44 02 00            mov         byte ptr es:0x2[si],0x00 
095C    8B 5E E6                  mov         bx,word ptr -0x1a[bp] 
095F    8A 47 18                  mov         al,byte ptr 0x18[bx] 
0962    30 E4                     xor         ah,ah 
0964    26 09 44 02               or          word ptr es:0x2[si],ax 
0968    26 C7 44 19 FF FF         mov         word ptr es:0x19[si],0xffff 
096E    26 C7 44 1B FF FF         mov         word ptr es:0x1b[si],0xffff 
0974    26 C7 44 1D 00 00         mov         word ptr es:0x1d[si],0x0000 
097A    26 C6 44 1F FF            mov         byte ptr es:0x1f[si],0xff 
097F    B8 0B 00                  mov         ax,0x000b 
0982    50                        push        ax 
0983    8B 5E E6                  mov         bx,word ptr -0x1a[bp] 
0986    43                        inc         bx 
0987    8C D9                     mov         cx,ds 
0989    8D 44 20                  lea         ax,0x20[si] 
098C                          L$448:
098C    8C C2                     mov         dx,es 
098E    E8 00 00                  call        copybytes_ 
0991    E9 FF 01                  jmp         L$465 
0994                          L$449:
0994    80 7E FE 1B               cmp         byte ptr -0x2[bp],0x1b 
0998    75 3D                     jne         L$452 
099A    C4 1E 00 00               les         bx,dword ptr _glob_sdaptr 
099E    26 8B 7F 0C               mov         di,word ptr es:0xc[bx] 
09A2    26 8B 47 0E               mov         ax,word ptr es:0xe[bx] 
09A6    89 46 F8                  mov         word ptr -0x8[bp],ax 
09A9    26 8A 87 3A 02            mov         al,byte ptr es:0x23a[bx] 
09AE    88 04                     mov         byte ptr [si],al 
09B0    C7 46 FC 02 00            mov         word ptr -0x4[bp],0x0002 
09B5                          L$450:
09B5    C4 1E 00 00               les         bx,dword ptr _glob_sdaptr 
09B9    03 5E FC                  add         bx,word ptr -0x4[bp] 
09BC    26 8A 87 92 00            mov         al,byte ptr es:0x92[bx] 
09C1    84 C0                     test        al,al 
09C3    74 0D                     je          L$451 
09C5    8B 5E FC                  mov         bx,word ptr -0x4[bp] 
09C8    01 F3                     add         bx,si 
09CA    88 47 FF                  mov         byte ptr -0x1[bx],al 
09CD    FF 46 FC                  inc         word ptr -0x4[bp] 
09D0    EB E3                     jmp         L$450 
09D2                          L$451:
09D2    FF 4E FC                  dec         word ptr -0x4[bp] 
09D5    EB 49                     jmp         L$454 
09D7                          L$452:
09D7    8B 1E 08 00               mov         bx,word ptr _glob_intregs+0x8 
09DB    8E 06 04 00               mov         es,word ptr _glob_intregs+0x4 
09DF    89 DF                     mov         di,bx 
09E1    8C 46 F8                  mov         word ptr -0x8[bp],es 
09E4    26 8B 47 0F               mov         ax,word ptr es:0xf[bx] 
09E8    89 04                     mov         word ptr [si],ax 
09EA    26 8B 47 0D               mov         ax,word ptr es:0xd[bx] 
09EE    89 44 02                  mov         word ptr 0x2[si],ax 
09F1    26 8A 47 0C               mov         al,byte ptr es:0xc[bx] 
09F5    88 44 04                  mov         byte ptr 0x4[si],al 
09F8    C7 46 FC 00 00            mov         word ptr -0x4[bp],0x0000 
09FD    8E 46 F8                  mov         es,word ptr -0x8[bp] 
0A00                          L$453:
0A00    8B 5E FC                  mov         bx,word ptr -0x4[bp] 
0A03    01 FB                     add         bx,di 
0A05    8B 56 FC                  mov         dx,word ptr -0x4[bp] 
0A08    01 F2                     add         dx,si 
0A0A    26 8A 47 01               mov         al,byte ptr es:0x1[bx] 
0A0E    89 D3                     mov         bx,dx 
0A10    88 47 05                  mov         byte ptr 0x5[bx],al 
0A13    FF 46 FC                  inc         word ptr -0x4[bp] 
0A16    83 7E FC 0B               cmp         word ptr -0x4[bp],0x000b 
0A1A    7C E4                     jl          L$453 
0A1C    83 46 FC 05               add         word ptr -0x4[bp],0x0005 
0A20                          L$454:
0A20    31 C0                     xor         ax,ax 
0A22    50                        push        ax 
0A23    8D 46 E8                  lea         ax,-0x18[bp] 
0A26    50                        push        ax 
0A27    8A 16 00 00               mov         dl,byte ptr _glob_reqdrv 
0A2B    30 F6                     xor         dh,dh 
0A2D    8A 46 FE                  mov         al,byte ptr -0x2[bp] 
0A30    30 E4                     xor         ah,ah 
0A32    8D 4E E6                  lea         cx,-0x1a[bp] 
0A35    8B 5E FC                  mov         bx,word ptr -0x4[bp] 
0A38    E8 00 00                  call        sendquery_ 
0A3B    3D FF FF                  cmp         ax,0xffff 
0A3E    75 17                     jne         L$456 
0A40    A1 1C 00                  mov         ax,word ptr _glob_intregs+0x1c 
0A43    0C 01                     or          al,0x01 
0A45    80 7E FE 1B               cmp         byte ptr -0x2[bp],0x1b 
0A49    75 03                     jne         L$455 
0A4B    E9 06 F9                  jmp         L$389 
0A4E                          L$455:
0A4E    C7 06 16 00 12 00         mov         word ptr _glob_intregs+0x16,0x0012 
0A54    E9 03 F9                  jmp         L$390 
0A57                          L$456:
0A57    8B 5E E8                  mov         bx,word ptr -0x18[bp] 
0A5A    83 3F 00                  cmp         word ptr [bx],0x0000 
0A5D    74 03                     je          L$458 
0A5F                          L$457:
0A5F    E9 21 FB                  jmp         L$414 
0A62                          L$458:
0A62    3D 18 00                  cmp         ax,0x0018 
0A65    75 F8                     jne         L$457 
0A67    B8 0B 00                  mov         ax,0x000b 
0A6A    50                        push        ax 
0A6B    8B 5E E6                  mov         bx,word ptr -0x1a[bp] 
0A6E    43                        inc         bx 
0A6F    8C D9                     mov         cx,ds 
0A71    A1 00 00                  mov         ax,word ptr _glob_sdaptr 
0A74    8B 16 02 00               mov         dx,word ptr _glob_sdaptr+0x2 
0A78    05 A7 01                  add         ax,0x01a7 
0A7B    E8 00 00                  call        copybytes_ 
0A7E    C4 36 00 00               les         si,dword ptr _glob_sdaptr 
0A82    8B 5E E6                  mov         bx,word ptr -0x1a[bp] 
0A85    8A 07                     mov         al,byte ptr [bx] 
0A87    26 88 84 B2 01            mov         byte ptr es:0x1b2[si],al 
0A8C    C4 36 00 00               les         si,dword ptr _glob_sdaptr 
0A90    8B 5E E6                  mov         bx,word ptr -0x1a[bp] 
0A93    8B 47 0C                  mov         ax,word ptr 0xc[bx] 
0A96    26 89 84 BD 01            mov         word ptr es:0x1bd[si],ax 
0A9B    C4 36 00 00               les         si,dword ptr _glob_sdaptr 
0A9F    8B 5E E6                  mov         bx,word ptr -0x1a[bp] 
0AA2    8B 47 0E                  mov         ax,word ptr 0xe[bx] 
0AA5    26 89 84 BF 01            mov         word ptr es:0x1bf[si],ax 
0AAA    C4 1E 00 00               les         bx,dword ptr _glob_sdaptr 
0AAE    26 C7 87 C1 01 00 00      mov         word ptr es:0x1c1[bx],0x0000 
0AB5    C4 1E 00 00               les         bx,dword ptr _glob_sdaptr 
0AB9    8B 76 E6                  mov         si,word ptr -0x1a[bp] 
0ABC    8B 44 10                  mov         ax,word ptr 0x10[si] 
0ABF    8B 54 12                  mov         dx,word ptr 0x12[si] 
0AC2    26 89 87 C3 01            mov         word ptr es:0x1c3[bx],ax 
0AC7    26 89 97 C5 01            mov         word ptr es:0x1c5[bx],dx 
0ACC    80 7E FE 1B               cmp         byte ptr -0x2[bp],0x1b 
0AD0    75 33                     jne         L$459 
0AD2    A0 00 00                  mov         al,byte ptr _glob_reqdrv 
0AD5    0C 80                     or          al,0x80 
0AD7    8E 46 F8                  mov         es,word ptr -0x8[bp] 
0ADA    26 88 05                  mov         byte ptr es:[di],al 
0ADD    B8 0B 00                  mov         ax,0x000b 
0AE0    50                        push        ax 
0AE1    8B 1E 00 00               mov         bx,word ptr _glob_sdaptr 
0AE5    8B 0E 02 00               mov         cx,word ptr _glob_sdaptr+0x2 
0AE9    81 C3 18 02               add         bx,0x0218 
0AED    8D 45 01                  lea         ax,0x1[di] 
0AF0    8C C2                     mov         dx,es 
0AF2    E8 00 00                  call        copybytes_ 
0AF5    C4 1E 00 00               les         bx,dword ptr _glob_sdaptr 
0AF9    26 8A 87 3A 02            mov         al,byte ptr es:0x23a[bx] 
0AFE    8E 46 F8                  mov         es,word ptr -0x8[bp] 
0B01    26 88 45 0C               mov         byte ptr es:0xc[di],al 
0B05                          L$459:
0B05    8B 5E E6                  mov         bx,word ptr -0x1a[bp] 
0B08    8B 47 14                  mov         ax,word ptr 0x14[bx] 
0B0B    8E 46 F8                  mov         es,word ptr -0x8[bp] 
0B0E    26 89 45 0F               mov         word ptr es:0xf[di],ax 
0B12    8B 5E E6                  mov         bx,word ptr -0x1a[bp] 
0B15    8B 47 16                  mov         ax,word ptr 0x16[bx] 
0B18    26 89 45 0D               mov         word ptr es:0xd[di],ax 
0B1C    B8 20 00                  mov         ax,0x0020 
0B1F    50                        push        ax 
0B20    8B 1E 00 00               mov         bx,word ptr _glob_sdaptr 
0B24    8B 0E 02 00               mov         cx,word ptr _glob_sdaptr+0x2 
0B28    81 C3 A7 01               add         bx,0x01a7 
0B2C    8D 85 B9 01               lea         ax,0x1b9[di] 
0B30    E9 59 FE                  jmp         L$448 
0B33                          L$460:
0B33    8B 1E 08 00               mov         bx,word ptr _glob_intregs+0x8 
0B37    8E 06 04 00               mov         es,word ptr _glob_intregs+0x4 
0B3B    A1 12 00                  mov         ax,word ptr _glob_intregs+0x12 
0B3E    A3 3C 00                  mov         word ptr _glob_pktdrv_sndbuff+0x3c,ax 
0B41    A1 14 00                  mov         ax,word ptr _glob_intregs+0x14 
0B44    A3 3E 00                  mov         word ptr _glob_pktdrv_sndbuff+0x3e,ax 
0B47    26 8B 47 0B               mov         ax,word ptr es:0xb[bx] 
0B4B    A3 40 00                  mov         word ptr _glob_pktdrv_sndbuff+0x40,ax 
0B4E    31 C0                     xor         ax,ax 
0B50    50                        push        ax 
0B51    8D 46 E8                  lea         ax,-0x18[bp] 
0B54    50                        push        ax 
0B55    8A 16 00 00               mov         dl,byte ptr _glob_reqdrv 
0B59    30 F6                     xor         dh,dh 
0B5B    8D 4E E6                  lea         cx,-0x1a[bp] 
0B5E    BB 06 00                  mov         bx,0x0006 
0B61    B8 21 00                  mov         ax,0x0021 
0B64    E8 00 00                  call        sendquery_ 
0B67    3D FF FF                  cmp         ax,0xffff 
0B6A    75 03                     jne         L$461 
0B6C    E9 FC F9                  jmp         L$411 
0B6F                          L$461:
0B6F    8B 5E E8                  mov         bx,word ptr -0x18[bp] 
0B72    83 3F 00                  cmp         word ptr [bx],0x0000 
0B75    74 03                     je          L$463 
0B77                          L$462:
0B77    E9 09 FA                  jmp         L$414 
0B7A                          L$463:
0B7A    3D 04 00                  cmp         ax,0x0004 
0B7D    75 F8                     jne         L$462 
0B7F    8B 5E E6                  mov         bx,word ptr -0x1a[bp] 
0B82    8B 07                     mov         ax,word ptr [bx] 
0B84    A3 16 00                  mov         word ptr _glob_intregs+0x16,ax 
0B87    8B 47 02                  mov         ax,word ptr 0x2[bx] 
0B8A    E9 F3 FA                  jmp         L$425 
0B8D                          L$464:
0B8D    C7 06 16 00 02 00         mov         word ptr _glob_intregs+0x16,0x0002 
0B93                          L$465:
0B93    89 EC                     mov         sp,bp 
0B95    5D                        pop         bp 
0B96    5F                        pop         di 
0B97    5E                        pop         si 
0B98    5A                        pop         dx 
0B99    59                        pop         cx 
0B9A    5B                        pop         bx 
0B9B    C3                        ret         

Routine Size: 2350 bytes,    Routine Base: BEGTEXT + 026E

0B9C                          inthandler_:
0B9C    50                        push        ax 
0B9D    51                        push        cx 
0B9E    52                        push        dx 
0B9F    53                        push        bx 
0BA0    54                        push        sp 
0BA1    55                        push        bp 
0BA2    56                        push        si 
0BA3    57                        push        di 
0BA4    1E                        push        ds 
0BA5    06                        push        es 
0BA6    50                        push        ax 
0BA7    50                        push        ax 
0BA8    89 E5                     mov         bp,sp 
0BAA    50                        push        ax 
0BAB    FC                        cld         
0BAC    B8 00 00                  mov         ax,DGROUP:CONST 
0BAF    8E D8                     mov         ds,ax 
0BB1    E9 04 00                  jmp         L$466 
0BB4    4D                        dec         bp 
0BB5    56                        push        si 
0BB6    65 74                                           et
0BB8                          L$466:
0BB8    50 B8 00 00                                     DD		     0BB8
				; The label referred to here is an undefined location
L$468
0BBC    8E D8                     mov         ds,ax 
0BBE    8B 46 1E                  mov         ax,word ptr 0x1e[bp] 
0BC1    A3 00 00                  mov         word ptr _glob_reqstkword,ax 
0BC4    58                        pop         ax 
0BC5    8A 46 17                  mov         al,byte ptr 0x17[bp] 
0BC8    3A 06 00 00               cmp         al,byte ptr _glob_multiplexid 
0BCC    75 3B                     jne         L$468 
0BCE    8A 46 16                  mov         al,byte ptr 0x16[bp] 
0BD1    84 C0                     test        al,al 
0BD3    75 11                     jne         L$467 
0BD5    C6 46 16 FF               mov         byte ptr 0x16[bp],0xff 
0BD9    C7 46 10 86 4D            mov         word ptr 0x10[bp],0x4d86 
0BDE    C7 46 14 E1 07            mov         word ptr 0x14[bp],0x07e1 
0BE3    E9 FE 01                  jmp         L$494 
0BE6                          L$467:
0BE6    3C 01                     cmp         al,0x01 
0BE8    75 1F                     jne         L$468 
0BEA    81 7E 14 86 4D            cmp         word ptr 0x14[bp],0x4d86 
0BEF    75 18                     jne         L$468 
0BF1    1E                        push        ds 
0BF2    8F 06 00 00               pop         word ptr _glob_reqstkword 
0BF6    C7 46 16 00 00            mov         word ptr 0x16[bp],0x0000 
0BFB    A1 00 00                  mov         ax,word ptr _glob_reqstkword 
0BFE    89 46 10                  mov         word ptr 0x10[bp],ax 
0C01    C7 46 14 00 00            mov         word ptr 0x14[bp],offset _glob_data 
0C06    E9 DB 01                  jmp         L$494 
0C09                          L$468:
0C09    80 7E 17 11               cmp         byte ptr 0x17[bp],0x11 
0C0D    75 51                     jne         L$472 
0C0F    8A 46 16                  mov         al,byte ptr 0x16[bp] 
0C12    84 C0                     test        al,al 
0C14    74 4A                     je          L$472 
0C16    3C 2E                     cmp         al,0x2e 
0C18    77 46                     ja          L$472 
0C1A    88 C3                     mov         bl,al 
0C1C    30 FF                     xor         bh,bh 
0C1E    80 BF 00 00 FF            cmp         byte ptr _supportedfunctions[bx],0xff 
0C23    74 3B                     je          L$472 
0C25    3C 06                     cmp         al,0x06 
0C27    72 04                     jb          L$469 
0C29    3C 0B                     cmp         al,0x0b 
0C2B    76 0B                     jbe         L$470 
0C2D                          L$469:
0C2D    8A 46 16                  mov         al,byte ptr 0x16[bp] 
0C30    3C 21                     cmp         al,0x21 
0C32    74 04                     je          L$470 
0C34    3C 2D                     cmp         al,0x2d 
0C36    75 0F                     jne         L$471 
0C38                          L$470:
0C38    8B 5E 08                  mov         bx,word ptr 0x8[bp] 
0C3B    8E 46 04                  mov         es,word ptr 0x4[bp] 
0C3E    26 8A 47 05               mov         al,byte ptr es:0x5[bx] 
0C42    24 3F                     and         al,0x3f 
0C44    E9 AA 00                  jmp         L$482 
0C47                          L$471:
0C47    3C 11                     cmp         al,0x11 
0C49    72 1E                     jb          L$475 
0C4B    76 43                     jbe         L$478 
0C4D    3C 16                     cmp         al,0x16 
0C4F    72 12                     jb          L$473 
0C51    3C 17                     cmp         al,0x17 
0C53    76 3B                     jbe         L$478 
0C55    3C 2E                     cmp         al,0x2e 
0C57    74 37                     je          L$478 
0C59    3C 1C                     cmp         al,0x1c 
0C5B    74 26                     je          L$477 
0C5D    E9 65 00                  jmp         L$480 
0C60                          L$472:
0C60    E9 77 01                  jmp         L$493 
0C63                          L$473:
0C63    3C 13                     cmp         al,0x13 
0C65                          L$474:
0C65    74 29                     je          L$478 
0C67    EB 5C                     jmp         L$480 
0C69                          L$475:
0C69    3C 03                     cmp         al,0x03 
0C6B    72 12                     jb          L$476 
0C6D    76 21                     jbe         L$478 
0C6F    3C 05                     cmp         al,0x05 
0C71    72 52                     jb          L$480 
0C73    76 1B                     jbe         L$478 
0C75    3C 0E                     cmp         al,0x0e 
0C77    72 4C                     jb          L$480 
0C79    3C 0F                     cmp         al,0x0f 
0C7B    76 13                     jbe         L$478 
0C7D    EB 46                     jmp         L$480 
0C7F                          L$476:
0C7F    3C 01                     cmp         al,0x01 
0C81    EB E2                     jmp         L$474 
0C83                          L$477:
0C83    C4 1E 00 00               les         bx,dword ptr _glob_sdaptr 
0C87    26 8A 87 92 01            mov         al,byte ptr es:0x192[bx] 
0C8C    24 1F                     and         al,0x1f 
0C8E    EB 61                     jmp         L$482 
0C90                          L$478:
0C90    8B 1E 00 00               mov         bx,word ptr _glob_sdaptr 
0C94    A1 02 00                  mov         ax,word ptr _glob_sdaptr+0x2 
0C97    8E C0                     mov         es,ax 
0C99    26 80 BF 92 00 61         cmp         byte ptr es:0x92[bx],0x61 
0C9F    72 14                     jb          L$479 
0CA1    26 80 BF 92 00 7A         cmp         byte ptr es:0x92[bx],0x7a 
0CA7    77 0C                     ja          L$479 
0CA9    26 8A 87 92 00            mov         al,byte ptr es:0x92[bx] 
0CAE    30 E4                     xor         ah,ah 
0CB0    2D 61 00                  sub         ax,0x0061 
0CB3    EB 3C                     jmp         L$482 
0CB5                          L$479:
0CB5    C4 1E 00 00               les         bx,dword ptr _glob_sdaptr 
0CB9    26 8A 87 92 00            mov         al,byte ptr es:0x92[bx] 
0CBE    30 E4                     xor         ah,ah 
0CC0    2D 41 00                  sub         ax,0x0041 
0CC3    EB 2C                     jmp         L$482 
0CC5                          L$480:
0CC5    8B 5E 08                  mov         bx,word ptr 0x8[bp] 
0CC8    8B 46 04                  mov         ax,word ptr 0x4[bp] 
0CCB    89 DE                     mov         si,bx 
0CCD    89 C2                     mov         dx,ax 
0CCF    8E C0                     mov         es,ax 
0CD1    26 80 3F 61               cmp         byte ptr es:[bx],0x61 
0CD5    72 10                     jb          L$481 
0CD7    26 80 3F 7A               cmp         byte ptr es:[bx],0x7a 
0CDB    77 0A                     ja          L$481 
0CDD    26 8A 07                  mov         al,byte ptr es:[bx] 
0CE0    30 E4                     xor         ah,ah 
0CE2    2D 61 00                  sub         ax,0x0061 
0CE5    EB 0A                     jmp         L$482 
0CE7                          L$481:
0CE7    8E C2                     mov         es,dx 
0CE9    26 8A 04                  mov         al,byte ptr es:[si] 
0CEC    30 E4                     xor         ah,ah 
0CEE    2D 41 00                  sub         ax,0x0041 
0CF1                          L$482:
0CF1    A2 00 00                  mov         byte ptr _glob_reqdrv,al 
0CF4    A0 00 00                  mov         al,byte ptr _glob_reqdrv 
0CF7    3C 19                     cmp         al,0x19 
0CF9    77 51                     ja          L$485 
0CFB    88 C3                     mov         bl,al 
0CFD    30 FF                     xor         bh,bh 
0CFF    80 BF 09 00 FF            cmp         byte ptr _glob_data+0x9[bx],0xff 
0D04    74 46                     je          L$485 
0D06    80 7E 16 0C               cmp         byte ptr 0x16[bp],0x0c 
0D0A    74 6C                     je          L$489 
0D0C    8B 1E 00 00               mov         bx,word ptr _glob_sdaptr 
0D10    8B 3E 02 00               mov         di,word ptr _glob_sdaptr+0x2 
0D14    81 C3 92 00               add         bx,0x0092 
0D18    31 C0                     xor         ax,ax 
0D1A    8B 16 00 00               mov         dx,word ptr _glob_sdaptr 
0D1E    8B 0E 02 00               mov         cx,word ptr _glob_sdaptr+0x2 
0D22                          L$483:
0D22    8E C1                     mov         es,cx 
0D24    89 D6                     mov         si,dx 
0D26    01 C6                     add         si,ax 
0D28    26 80 BC 92 00 5C         cmp         byte ptr es:0x92[si],0x5c 
0D2E    75 0B                     jne         L$484 
0D30    89 D3                     mov         bx,dx 
0D32    81 C3 92 00               add         bx,0x0092 
0D36    01 C3                     add         bx,ax 
0D38    89 CF                     mov         di,cx 
0D3A    43                        inc         bx 
0D3B                          L$484:
0D3B    C4 36 00 00               les         si,dword ptr _glob_sdaptr 
0D3F    01 C6                     add         si,ax 
0D41    26 80 BC 92 00 00         cmp         byte ptr es:0x92[si],0x00 
0D47    74 06                     je          L$486 
0D49    40                        inc         ax 
0D4A    EB D6                     jmp         L$483 
0D4C                          L$485:
0D4C    E9 8B 00                  jmp         L$493 
0D4F                          L$486:
0D4F    31 C0                     xor         ax,ax 
0D51                          L$487:
0D51    C4 36 00 00               les         si,dword ptr _glob_sdaptr 
0D55    01 C6                     add         si,ax 
0D57    26 C6 84 18 02 20         mov         byte ptr es:0x218[si],0x20 
0D5D    40                        inc         ax 
0D5E    3D 0B 00                  cmp         ax,0x000b 
0D61    72 EE                     jb          L$487 
0D63    31 C0                     xor         ax,ax 
0D65                          L$488:
0D65    8E C7                     mov         es,di 
0D67    26 80 3F 00               cmp         byte ptr es:[bx],0x00 
0D6B    74 2B                     je          L$492 
0D6D    26 80 3F 2E               cmp         byte ptr es:[bx],0x2e 
0D71    75 07                     jne         L$490 
0D73    B8 08 00                  mov         ax,0x0008 
0D76    EB 1D                     jmp         L$491 
0D78                          L$489:
0D78    EB 1E                     jmp         L$492 
0D7A                          L$490:
0D7A    8B 0E 00 00               mov         cx,word ptr _glob_sdaptr 
0D7E    8B 16 02 00               mov         dx,word ptr _glob_sdaptr+0x2 
0D82    89 C6                     mov         si,ax 
0D84    40                        inc         ax 
0D85    89 56 FE                  mov         word ptr -0x2[bp],dx 
0D88    01 CE                     add         si,cx 
0D8A    26 8A 17                  mov         dl,byte ptr es:[bx] 
0D8D    8E 46 FE                  mov         es,word ptr -0x2[bp] 
0D90    26 88 94 18 02            mov         byte ptr es:0x218[si],dl 
0D95                          L$491:
0D95    43                        inc         bx 
0D96    EB CD                     jmp         L$488 
0D98                          L$492:
0D98    B8 1E 00                  mov         ax,0x001e 
0D9B    50                        push        ax 
0D9C    8C D1                     mov         cx,ss 
0D9E    8D 5E 00                  lea         bx,[bp] 
0DA1    B8 00 00                  mov         ax,offset _glob_intregs 
0DA4    8C DA                     mov         dx,ds 
0DA6    E8 00 00                  call        copybytes_ 
0DA9    FA                        cli         
0DAA    8C 16 00 00               mov         word ptr _glob_oldstack_seg,ss 
0DAE    89 26 00 00               mov         word ptr _glob_oldstack_off,sp 
0DB2    8C D8                     mov         ax,ds 
0DB4    8E D0                     mov         ss,ax 
0DB6    BC AA 0D                  mov         sp,0x0daa 
0DB9    FB                        sti         
0DBA    E8 00 00                  call        process2f_ 
0DBD    FA                        cli         
0DBE    8E 16 00 00               mov         ss,word ptr _glob_oldstack_seg 
0DC2    8B 26 00 00               mov         sp,word ptr _glob_oldstack_off 
0DC6    FB                        sti         
0DC7    B8 1E 00                  mov         ax,0x001e 
0DCA    50                        push        ax 
0DCB    BB 00 00                  mov         bx,offset _glob_intregs 
0DCE    8C D9                     mov         cx,ds 
0DD0    8C D2                     mov         dx,ss 
0DD2    8D 46 00                  lea         ax,[bp] 
0DD5    E8 00 00                  call        copybytes_ 
0DD8    EB 0A                     jmp         L$494 
0DDA                          L$493:
0DDA    A1 02 00                  mov         ax,word ptr _glob_data+0x2 
0DDD    8B 16 00 00               mov         dx,word ptr _glob_data 
0DE1    E8 00 00                  call        _mvchain_intr_ 
0DE4                          L$494:
0DE4    89 EC                     mov         sp,bp 
0DE6    58                        pop         ax 
0DE7    58                        pop         ax 
0DE8    07                        pop         es 
0DE9    1F                        pop         ds 
0DEA    5F                        pop         di 
0DEB    5E                        pop         si 
0DEC    5D                        pop         bp 
0DED    5B                        pop         bx 
0DEE    5B                        pop         bx 
0DEF    5A                        pop         dx 
0DF0    59                        pop         cx 
0DF1    58                        pop         ax 
0DF2    CF                        iret        

Routine Size: 599 bytes,    Routine Base: BEGTEXT + 0B9C

No disassembly errors

